x,y,PRP1.1,PRP1.1_inph,PRP2.1,PRP2.1_inph,HCP1.0,HCP1.0_inph,PRP4.1,PRP4.1_inph,HCP2.0,HCP2.0_inph,HCP4.0,HCP4.0_inph
448580.6485928705,4177544.571273694,451.8948536095785,-1.27,572.53563361732,-2.8,570.2912078382948,0.62,510.5901883643887,1.01,532.7120763359143,4.46,489.6576749253748,26.98
448580.87489364936,4177544.126050552,404.1898697124996,-1.26,574.5317539444831,-2.32,578.5216861053358,0.63,507.7392337393105,2.73,555.1875526137112,4.69,401.70205326959547,26.72
448580.94454594987,4177543.992472623,407.8771928685197,-1.27,577.4020474779701,-2.33,581.2237615959871,0.63,508.68915814630276,2.81,555.5384152678952,4.67,399.4970121955796,26.8
448580.9707001562,4177543.947928334,410.06253613193815,-1.27,579.1496855693944,-2.35,582.4402682176012,0.63,509.6394762554757,2.66,556.5914463763712,4.68,397.9285052955843,26.83
448581.2805138761,4177544.178997804,380.8497642738581,-1.32,523.1656072710297,-2.74,550.1220271711351,0.58,499.07241448835157,0.84,521.8459132179461,4.38,455.2779407314567,26.42
448581.3911495199,4177544.966074292,416.20986273788907,-1.31,536.5660871697771,-2.86,562.48069035575,0.59,488.28479271786347,0.0,486.81279362004193,4.34,486.97418521456177,26.68
448581.4416349773,4177545.9976224657,428.2357717057201,-1.31,559.8220377542575,-2.82,582.8458493899282,0.6,460.60561562977284,-0.74,476.91775632540015,4.29,444.73390603549313,26.0
448581.54539736366,4177547.095410238,490.64651314459,-1.29,608.7925521380743,-2.7,622.5107359345201,0.62,462.8661939510913,-0.87,483.2838073365203,4.3,369.9906223176301,25.11
448581.5868649431,4177548.093728744,589.5124473321531,-1.26,655.9198858250053,-2.56,637.2753707231838,0.65,471.66381778655233,-0.64,450.7189776035851,4.34,287.4348394802546,24.18
448581.6016248704,4177549.047832582,623.7954100289496,-1.24,660.7108413933265,-2.44,637.0014917282188,0.65,470.46214562659003,0.17,412.06714353519027,4.25,232.5499005755849,23.5
448581.5026810143,4177550.135789026,612.5002298844156,-1.24,662.7289352220146,-2.38,643.3050928201111,0.68,464.33011419742223,0.47,388.989621602334,4.25,206.71114699831517,23.04
448581.570510321,4177551.122847858,582.7715554227565,-1.25,658.5671682819125,-2.41,626.7435519116899,0.66,460.87144991679935,0.6,400.72295484245996,4.25,190.35735860313994,22.7
448581.6998733697,4177552.087332397,535.7737707067167,-1.29,633.1387168634533,-2.61,604.2621478861981,0.64,465.3953730123317,0.57,425.4367706725319,4.29,198.35658737122503,22.97
448581.9437011323,4177553.040007901,487.9058744014554,-1.34,603.2809661634907,-2.91,585.009615507171,0.63,483.8496638193542,0.27,461.11326080352706,4.31,241.35835452701465,23.7
448582.34680606064,4177554.1026432654,463.52762624378175,-1.33,582.1465223226834,-2.93,579.737402814995,0.66,495.02109949985345,0.58,489.50676921691445,4.41,316.3883259648113,24.71
448582.8005589181,4177554.8099132143,460.790007362238,-1.36,557.829577496333,-3.17,557.1027660245999,0.62,493.4025777007377,-0.11,488.4959983167916,4.35,383.4426657261282,25.4
448583.2712405023,4177555.406124624,481.740552205035,-1.35,554.5928866971477,-3.15,560.5976139134564,0.64,485.3270853749643,-0.76,464.0957075820847,4.31,426.02486930174683,25.87
448583.4429944829,4177556.104057651,499.6927843101483,-1.33,561.4412767927895,-3.06,555.6250748587423,0.64,470.8626328278881,-0.84,449.0754073477398,4.28,427.35957296489454,25.66
448583.6574163434,4177556.5798186194,531.2436077260633,-1.32,579.399379227685,-2.99,574.2020187851389,0.62,459.8082984004458,-1.22,432.2467784514877,4.2,389.85832790043673,25.0
448583.5197721812,4177557.113251309,530.4200308382455,-1.31,593.6447695679219,-2.93,572.4484392954222,0.62,454.6325121079123,-1.08,427.70342962349247,4.08,341.16183436097504,24.29
448583.472721459,4177558.045549961,557.7499545670369,-1.31,609.1684795937625,-2.86,578.5216861053358,0.6,456.62181069888675,-1.3,424.3046932601269,3.99,304.22918437752173,23.6
448583.5474237627,4177558.721897533,558.9866939195449,-1.32,618.572375267581,-2.81,585.144888154755,0.6,466.32788209516116,-0.93,430.94731266615486,4.11,283.5136927695336,23.2
448583.49905864574,4177559.443393666,551.5671827649614,-1.31,613.6809789519878,-2.79,570.9652217098674,0.62,474.7376305958657,-0.45,439.4134183630913,4.15,281.32261063020815,23.23
448583.3794502099,4177560.043285709,531.5181394483376,-1.34,585.7691934260587,-2.91,545.8321319364244,0.61,469.79482286485654,-0.54,420.26836437993046,4.13,271.71023417563356,22.8
448584.4586643199,4177560.7355605513,512.0339587389781,-1.36,563.3100363583417,-3.11,535.2608844618968,0.57,463.9307701740938,-0.65,397.0662735943197,3.93,270.2855207034321,22.73
448584.8507445939,4177561.443215148,473.93336062587446,-1.38,554.3439646787097,-3.11,536.3301302099336,0.57,454.6325121079123,-0.8,404.06943022576195,4.0,286.20568498024664,22.55
448584.9794845285,4177562.307845922,445.05462147257765,-1.39,540.168196941879,-3.13,519.6557015468976,0.57,444.4479914464765,-0.93,420.26836437993046,4.0,284.24619231414414,22.41
448584.92265490914,4177563.08487133,423.99869716549995,-1.39,517.5887088460695,-3.21,501.59317006883055,0.57,437.33263771842195,-1.12,418.17366981273767,3.96,281.8086924257279,22.0
448584.8031847865,4177563.7069530953,399.00124766385807,-1.4,501.9941227466456,-3.32,494.04751829311846,0.51,435.885933305794,-1.66,418.65680627699896,3.71,296.63332893736344,21.69
448584.851663605,4177564.416750091,369.2562786535327,-1.42,482.2354158906817,-3.36,475.1816777842552,0.46,427.6179170542585,-2.15,420.1071321814411,3.42,310.91579595025684,21.48
448584.8658697467,4177565.282094996,345.5409788607541,-1.44,455.63893047109343,-3.47,451.0432594339548,0.41,415.8583212867873,-2.89,416.4034753953112,3.26,325.6566172797557,21.0
448584.9684554767,4177566.191270053,339.2752922174616,-1.44,439.6747370508487,-3.52,443.33597024453786,0.4,408.5718125450934,-3.13,401.9969277443808,3.21,330.7672437480014,20.9
448584.9189142734,4177566.7241533976,343.77007698596486,-1.45,434.0335829408055,-3.52,432.65071248627686,0.39,400.27289061790316,-3.4,380.9564418898751,3.18,331.0376698475045,20.83
448584.8959422936,4177567.279061685,342.8165680675005,-1.45,430.84688636080364,-3.53,427.05986271141063,0.4,390.07057867358003,-3.57,371.40498910429113,3.23,331.8504162910418,20.66
448584.9963143183,4177567.833200911,329.33524858978126,-1.45,429.7440987819953,-3.46,431.34975247073015,0.41,383.3800977020827,-3.7,379.0725814695452,3.18,335.66185229291756,20.52
448585.1318582954,4177568.376025536,319.94362080651496,-1.47,427.53898588832186,-3.66,424.85188559907266,0.44,380.81208698019844,-4.3,389.1475689202522,3.25,334.2968533082674,20.32
448585.2842618762,4177568.796696732,317.2220924427342,-1.5,416.5226610512148,-3.87,412.149694620499,0.39,376.96552262236855,-5.36,389.6215111827697,3.03,333.20780524830104,19.87
448585.4555311946,4177569.4169657226,310.82770874057604,-1.52,401.4918916079159,-3.92,400.7817850622113,0.38,372.99759411374686,-5.41,373.9043100136178,2.92,326.4597448950518,19.62
448585.8123006763,4177570.113745231,329.7436630460949,-1.47,408.9425876416541,-3.54,406.46121483273487,0.43,375.5567515767735,-4.2,366.26353573402685,3.03,333.480001185128,19.55
448586.1243961031,4177570.710945584,327.97391690411365,-1.47,410.40912918905497,-3.68,405.81536882837054,0.4,371.4634877821358,-5.18,359.5910819213526,2.86,334.2968533082674,19.36
448586.32181946415,4177571.286670317,328.92684103388194,-1.49,410.6535793478133,-3.92,401.03974425639194,0.38,364.31805152961846,-5.89,360.8301576003485,2.87,329.6866009010429,19.03
448586.394861223,4177571.696741049,345.26852399127756,-1.48,413.58757343042987,-3.81,403.7494473633677,0.39,361.77157354219133,-5.76,358.0437212981336,2.98,321.3964515658046,18.64
448586.5229091034,4177572.450423157,345.26852399127756,-1.46,410.89803709790016,-3.7,407.6240321302866,0.39,358.719583437141,-5.76,351.2548957152377,2.85,310.91579595025684,18.19
448586.5115835196,4177573.460166177,369.9380953642155,-1.45,423.37545375974145,-3.73,413.18493394111937,0.43,359.73645539914753,-5.79,341.8957167238212,2.87,298.64668345583743,17.95
448586.2524633208,4177574.2939293617,373.07469863998966,-1.49,424.11003501872176,-3.96,409.17504379814466,0.39,350.8543144814271,-6.75,329.4104595370045,2.71,280.1098308884809,17.38
448586.3004577418,4177574.9260622864,375.6661109978504,-1.5,421.9064965302215,-4.0,404.52402754213324,0.36,340.367744453151,-7.08,314.03285462711324,2.57,253.75876814634918,16.64
448586.3400569344,4177575.6248193625,378.12138800607045,-1.52,422.88577093914114,-4.04,390.99325552872955,0.35,333.19428335557177,-7.37,298.3790968549902,2.48,227.99372936328658,16.15
448586.2572807101,4177576.479673661,368.98355732645643,-1.5,417.5012666698938,-3.98,396.0129253515179,0.36,331.68698881268966,-7.42,303.42842352537343,2.57,220.92700126427573,15.8
448586.02265452815,4177577.0026157065,375.93890731347835,-1.48,423.2530302033855,-3.84,394.59639636094835,0.4,336.33772548750835,-6.8,302.3873305620412,2.69,218.1735097604361,15.8
448585.93711129576,4177577.4136752128,373.48385064887475,-1.49,420.4378129718157,-3.84,378.9240641537547,0.38,337.97405122527454,-6.99,309.54215756939095,2.58,217.54079028865996,15.46
448585.904222195,4177577.791120519,355.4876784407939,-1.51,394.1702193442716,-3.97,364.7261599470272,0.35,332.31490553660313,-7.15,297.7862849490316,2.44,215.85726673687262,15.18
448585.6974104349,4177578.535795176,342.13551325385527,-1.54,375.4091209539053,-4.16,342.2084582839261,0.32,325.04182324610366,-8.03,272.2482160881555,2.29,211.88447389148675,14.71
448585.3993138257,4177578.77065515,305.1150128914961,-1.56,364.2225818226467,-4.2,349.06224271220066,0.31,320.0395753880994,-8.07,279.975518258661,2.2,230.59162439629895,14.73
448585.2955966787,4177579.093065569,289.48003879610303,-1.54,367.0177183235349,-4.14,360.13407257367004,0.31,318.2914159924978,-8.24,297.1937310603006,2.21,247.4032394270227,14.63
448585.39472336194,4177579.447497149,268.42289196352453,-1.55,363.12910452733723,-4.17,357.2034942074933,0.29,313.1796201956241,-8.35,317.1850200351457,2.24,254.21596313408824,14.65
448585.5452589579,4177579.568606865,256.0689185350382,-1.55,350.86833667483637,-4.13,347.156997036715,0.29,310.06837487408325,-8.3,330.0169508344917,2.24,257.2003542067177,14.52
448585.7929150847,4177579.7223969386,277.2510595035093,-1.54,352.08141630438615,-4.04,343.7303000395538,0.3,315.29773317327255,-8.1,327.59254956242853,2.19,257.66147453233236,14.41
448586.1984643531,4177579.764249549,295.05308187345935,-1.51,350.26186752103644,-3.91,339.67360972396784,0.34,316.29518408979976,-7.72,314.632715818183,2.27,260.9008168471505,14.24
448586.43793277134,4177580.017948403,294.64525444798136,-1.5,341.6550874167736,-3.91,336.50778583453155,0.3,312.930561781414,-7.75,299.12047476302297,2.13,261.5980546824288,14.07
448586.50091902015,4177580.228366413,296.82041392829655,-1.5,336.32607103539823,-3.96,329.9326408576727,0.3,303.9828232617801,-7.82,278.36803109925063,2.17,262.29616320626087,13.82
448586.3970634982,4177580.528587079,304.4350202422371,-1.5,339.23235561786134,-3.94,328.6697064892876,0.3,295.9355670503268,-8.17,264.13245921050236,2.07,255.59114901664532,13.64
448586.2569292545,4177580.662604426,301.71524157166823,-1.53,341.5339329462994,-4.1,336.12809161501696,0.27,287.4246303010959,-8.86,261.1020011464704,2.0,248.30564231607715,13.33
448586.21460729744,4177580.9402508345,294.10149530094185,-1.56,346.86651064368914,-4.32,344.87213983474487,0.29,280.1727704844548,-9.84,263.41028110386196,2.02,233.42296069635617,12.88
448586.2062812589,4177581.017969855,290.1596090547081,-1.55,351.47485293393976,-4.09,338.02700143762297,0.29,276.9844949258579,-9.16,265.86732012510305,2.01,219.65419970410733,12.57
448585.4118545628,4177583.608128332,244.26393866922504,-1.55,304.79012045646016,-4.23,296.1318732375488,0.18,255.40003316478305,-9.83,242.21495090675978,1.54,174.79085369093622,10.56
448585.0336800883,4177585.130542573,220.26492054409414,-1.57,287.4456748149302,-4.34,280.92156378976534,0.19,245.83346511096676,-10.13,230.05957616478904,1.52,168.53162914690887,10.14
448584.8277679215,4177586.019450576,210.37406251728675,-1.57,282.6346638154864,-4.42,276.1993818268463,0.15,241.6082535361044,-10.56,226.26772673550659,1.33,163.47864075018103,9.85
448584.6917153197,4177586.808065285,201.43518702121986,-1.57,279.86968797373856,-4.41,277.56556994320755,0.17,240.76417617485595,-10.48,235.98115927549037,1.35,167.9670639073183,9.67
448584.7405399491,4177587.573336655,187.89785522810502,-1.54,275.06339076987564,-4.27,271.98054117836483,0.13,240.8847389867837,-10.27,249.4791940164161,1.22,173.45537099794603,9.53
448584.7797241684,4177588.205524518,188.03319023825335,-1.58,267.61954086197755,-4.48,261.95377747032467,0.14,242.0907277468843,-11.08,257.2160701678889,1.19,179.78819737191324,9.23
448584.8899439147,4177588.9260318754,185.4619574470216,-1.6,252.63360843718758,-4.46,264.1790133093017,0.11,242.4526522904262,-10.73,257.93480691915516,1.08,191.94543700662732,9.28
448585.14119702217,4177589.656755177,178.56160983583226,-1.62,242.5794414748038,-4.55,265.53970675732506,0.1,239.67940578936998,-11.17,248.3369556971665,0.99,201.1912852141742,8.98
448585.259604383,4177590.2773537776,182.3497865347144,-1.64,245.09174965507867,-4.61,263.3134440080818,0.03,237.39107679375914,-11.43,241.36306688344007,1.03,210.01495291695795,8.84
448585.1735079192,4177590.5996543407,173.5567368097768,-1.64,234.33050188360713,-4.55,257.87855356485,-0.07,226.70342840617943,-11.38,231.04454954878165,0.8,215.43739226977237,8.65
448585.210962653,4177590.9544704542,170.71660534157806,-1.66,229.31375105619173,-4.66,246.0557573079095,-0.01,217.49830542860389,-11.71,217.6046074955579,0.76,207.74096296363507,8.43
448585.2221249564,4177591.3316411055,170.4461344663925,-1.76,227.8809970849911,-4.62,234.28167991015226,0.1,209.75751793903453,-11.32,207.89754031999894,0.7,203.8403978504651,8.24
448585.41664246673,4177591.441381285,176.26194180919862,-1.63,229.43315932443562,-3.79,233.91453227050994,0.12,210.1141874219257,-9.11,206.65517762807244,0.9,197.55009155761468,8.23
448585.7179207561,4177591.716885333,183.83816498299748,-1.64,230.86620380162486,-4.17,231.7126603869192,0.17,207.26244711822585,-10.63,203.07341659838315,0.77,189.76340260217555,8.0
448586.0459065103,4177592.036604074,193.31185942465532,-1.66,231.70227026132412,-4.49,232.07951820237435,0.22,203.82151438280022,-11.3,190.62260958679616,1.07,178.051537226977,8.02
448586.2771177356,4177592.3791168192,205.7687667730585,-1.66,240.42668878567028,-4.56,239.67204259115272,0.18,200.1492164192324,-11.82,181.54058659450888,1.01,168.53162914690887,7.74
448586.54356997926,4177592.721409845,199.40409406772295,-1.64,241.86179014174226,-4.5,238.32348287270975,0.14,195.65604186789173,-12.07,181.27059275177334,0.87,153.55255568751267,7.38
448586.8205618501,4177593.341019702,197.9147364963883,-1.56,241.74218811013503,-4.34,228.7795415782319,0.24,194.00297552584985,-11.52,180.86572301613975,1.15,144.03701068680877,7.38
448586.85141986393,4177594.050926602,193.71795965945992,-1.3,235.2864460143132,-4.04,228.29099027389634,0.24,190.58272132501253,-11.38,184.51477387921162,1.01,135.7816137062333,7.07
448586.9601175023,4177594.5273468457,193.31185942465532,-1.59,234.80845904591436,-4.57,239.18158263737706,0.48,193.17690881038234,-11.95,186.9539983545462,1.39,134.73983729813943,7.27
448586.9978488456,4177594.926542449,180.72620785639273,-1.67,229.9108110206425,-4.61,241.63473387911094,0.45,194.47515322462831,-11.68,191.5756442675248,1.39,140.3275206585062,7.13
448586.9217386095,4177595.4374008593,194.80092766504922,-1.51,237.55729121580967,-4.5,239.3041896269956,0.42,196.48304184870636,-11.3,192.25686538626323,1.41,140.67946248478987,7.02
448586.8882961488,4177595.72608721,185.19131762515224,-1.6,227.5228504871265,-4.45,219.39015751122184,0.33,191.28992290976484,-11.18,189.3984365436149,1.45,142.0895996847456,6.89
448586.81719151983,4177595.626672828,183.43223429291135,-1.56,223.10708682308783,-4.34,223.7759929860673,0.21,188.10930975625527,-11.4,191.5756442675248,1.33,146.17204659665322,6.65
448586.76460668485,4177595.671381896,162.19826347924038,-1.57,206.3027978806062,-4.36,209.06287394765184,0.27,178.94671706414113,-11.81,179.38244235832204,1.24,140.50349157164803,6.37
448586.7415655306,4177596.215195332,142.6042671104713,-1.65,190.01063108784973,-4.48,187.44646283134068,0.2,171.1068045803072,-11.95,167.58659953880885,0.98,133.52784664354792,6.13
448586.9127650413,4177596.824369501,134.50118934851403,-1.69,178.1405496556381,-4.53,179.5221281565274,0.17,163.17855861669472,-12.05,158.2932527516367,0.91,128.20428840038426,5.97
448587.1725512969,4177597.5106584574,141.25355956172515,-1.66,175.1759299469852,-4.49,178.32366790955675,0.17,157.83164103616133,-12.9,146.33152577584596,0.93,120.43590946274846,4.31
448587.3770548649,4177597.808956544,118.30344844111504,-1.66,163.56580450548668,-4.45,166.84821814676172,0.14,153.30865392778136,-10.51,141.11668280570476,0.7,119.2671079660718,5.59
448587.44871286897,4177597.9971298943,104.9487730814842,-1.68,157.0577229219475,-4.61,157.92104830067538,0.17,148.56384754356282,-12.25,143.59044142894766,0.71,119.76768077459815,5.31
448587.4754895034,4177598.052439452,81.63022860456043,-1.66,140.51700789719524,-4.41,147.60817603880983,0.18,144.06010151979285,-11.98,148.81781097859255,0.7,127.18217895354908,5.1
448586.3759372196,4177598.336677609,76.78076599092857,-1.6,113.7746281226597,-4.55,131.81590510136354,0.17,113.13504736398309,-12.84,115.94913606546368,0.74,135.0865529003051,4.36
448586.13132542704,4177598.671061811,72.60565621957221,-1.63,121.4223805292209,-4.68,132.05077442563132,0.19,109.27208665287141,-13.32,118.8689953375648,0.78,123.9631521617905,4.16
448586.1503986431,4177598.903944223,64.93081531661657,-1.67,119.77451074118117,-4.86,123.49479894438352,0.2,103.83032158498052,-13.67,122.56334100948654,0.87,108.74443663689212,3.86
448586.3655110539,4177599.4906539833,60.89245362003126,-1.72,111.54061009922562,-5.03,115.78935533127483,0.22,101.11461916270403,-14.02,119.25050867205412,0.85,97.24863304809553,3.59
448586.43709989,4177599.667732454,59.68108353013222,-1.78,107.54456340335993,-5.38,112.52917659306607,0.2,100.88846626618901,-15.12,114.80903280134562,0.63,90.0894496123205,3.4
448586.7715878377,4177601.030369034,54.83624254896783,-1.81,103.08092890918984,-5.24,108.6936536907626,0.23,98.17649706978929,-14.7,111.64933697978948,0.72,91.16969832381714,3.38
448586.8137464202,4177602.139636341,48.243521251123546,-1.82,97.44647933739836,-5.42,103.82290611099627,0.18,96.82180302215177,-15.41,109.25513087388998,0.6,89.93557056307858,3.21
448587.3828596736,4177602.9793309,48.10899569395568,-1.79,97.21180328675017,-4.94,103.59127119304372,0.13,98.17649706978929,-13.97,106.86713734212923,0.58,89.62781246459484,3.24
448587.6423690087,4177603.621240392,50.53057679871858,-1.73,101.31970466043316,-4.6,107.18473787745536,0.14,100.88846626618901,-12.72,110.13648536313586,0.57,90.55230435950803,3.21
448588.0058027352,4177603.9740241016,55.37450767125928,-1.75,107.19207390488198,-4.9,110.901077854624,0.16,105.189466806793,-13.8,112.28042062266947,0.57,90.55230435950803,3.13
448588.5364236029,4177604.292479553,55.10537353009582,-1.84,110.12999604718622,-5.2,111.8312568503244,0.18,108.13724491594235,-14.59,115.56894816585098,0.51,90.24367648728584,3.01
448588.9605605661,4177604.489550614,47.03281973149065,-1.79,102.72865069700943,-4.54,105.09739634630145,0.14,107.00300390672163,-12.72,115.31557477385192,0.58,89.78169151383672,2.98
448589.1818543213,4177604.654600443,44.342601547632626,-1.71,98.03320190535638,-4.31,102.78076934207859,0.1,107.2298040631196,-12.17,116.20267965404831,0.61,90.0894496123205,2.97
448589.05260588566,4177605.121408934,45.55316052323811,-1.73,95.45196926044183,-4.54,101.85490183361283,0.1,107.45662824306491,-12.61,114.42930522018966,0.63,91.32444684139446,2.97
448588.8096543518,4177605.7220699503,46.22572101158404,-1.69,90.99558992768532,-4.47,98.15594449838419,0.06,106.20939241174274,-12.65,109.12929196637168,0.59,94.11828448579813,2.92
448588.4064582803,4177606.0574428174,47.43637977982209,-1.69,87.83084211036386,-4.76,96.42456301471451,0.06,101.34079599086884,-13.68,102.10988827464224,0.56,94.89852954628034,2.87
448587.9521993059,4177606.681611917,45.01512639005316,-1.66,85.13601208051595,-4.67,93.427329130291,0.09,95.01688115626685,-13.14,97.50200865607756,0.59,93.02922311286527,2.77
448587.9213854929,4177607.3919033455,40.30786862820586,-1.69,79.86635623690357,-4.58,86.64419299185987,0.07,87.58769687029343,-12.96,92.67112142030102,0.5,88.24538177771964,2.58
448587.6960545993,4177607.992454537,41.11475812025475,-1.69,79.28107079241956,-4.62,85.61174100666878,0.09,84.55594691645662,-13.14,89.95790987650167,0.52,82.77053615402032,2.51
448587.59385960497,4177608.558952096,35.73603453351177,-1.77,74.36650434492292,-4.87,81.94573372750297,0.11,81.30443704427138,-13.89,85.90433633502472,0.48,76.63934547863337,2.35
448587.5821881654,4177609.513220816,29.552074167415753,-1.8,67.93571321457686,-4.75,75.54906569994917,0.08,78.16977157331878,-13.5,82.9686243394689,0.45,75.45581442922146,2.15
448587.6058268686,4177610.478364686,21.891678769061986,-1.84,57.65813186150719,-4.9,67.36108978156614,0.05,71.80279579828913,-14.17,77.9777487927163,0.29,74.71827600544688,1.94
448587.73352824233,4177611.176572499,17.457898807766075,-1.8,48.91019082014875,-4.81,59.779920205629686,0.08,65.5661593188191,-14.06,71.45183940499096,0.3,71.78427333446554,1.88
448587.8694172661,4177611.7748715486,15.98016580936672,-1.83,44.71489650592746,-4.89,55.722284461144746,0.11,61.34464823800969,-14.29,64.26538973463146,0.34,68.15301164380624,1.7
448588.2333348515,4177612.205319361,17.323555439806572,-1.83,46.229585583656046,-4.66,55.609734382056324,0.08,57.79625700222833,-13.6,60.34244781947197,0.36,64.41991157821911,1.66
448588.57054499,4177612.591552499,17.592242976500984,-1.79,47.62803938116937,-4.67,55.49719315286369,0.08,54.58570391332858,-13.34,59.39464832659296,0.37,60.165987849038835,1.64
448588.8203444547,4177613.0892836456,15.711497496228892,-1.79,44.831399878747874,-4.6,49.769501380185936,0.05,51.15916820090028,-13.33,57.03070148948952,0.3,55.276542152063335,1.46
448588.80680521193,4177613.743990865,15.98016580936672,-1.77,40.638451933845445,-4.44,46.746869996267684,0.03,48.95147675389548,-12.88,52.326909544628144,0.3,50.60205264793931,1.39
448588.91536415694,4177614.1982214055,16.517512049397098,-1.78,39.241339236274925,-4.76,46.076107381185125,0.06,47.738240706162365,-13.93,49.286982589871876,0.31,48.83418219978869,1.33
448588.64397617255,4177614.477295981,15.711497496228892,-1.83,38.54288354499886,-5.1,44.400708846963354,0.11,45.53416339850754,-14.99,46.02899280512923,0.35,46.67342718232615,1.32
448588.64681229193,4177614.9321856727,13.159308468774299,-1.94,34.935265229883086,-5.39,42.281672662426374,0.17,41.7925765408027,-15.43,43.596433585301156,0.35,44.26196198483664,1.32
448588.83666937496,4177615.707673093,12.48772791474023,-1.94,33.19028707691311,-5.15,41.27916025218345,0.18,39.375132465020215,-14.86,41.288581465440544,0.39,42.66628332265604,1.14
448588.9286454276,4177616.32843655,12.219101313090116,-1.91,33.07397013205881,-4.97,40.72255818050725,0.16,38.05771210008503,-14.25,40.943159899158104,0.37,41.21127033965837,1.18
448588.9515230636,4177617.171536857,13.024990753113686,-1.8,33.42292656856045,-4.73,41.27916025218345,0.11,37.61875784526981,-13.85,42.09533628563793,0.32,41.73961883574257,1.08
448589.0611887303,4177617.803285331,12.084789217444587,-1.84,30.864302875019625,-4.88,38.27651015555139,0.08,35.644613350648655,-14.36,40.13794765266283,0.29,41.47544458770047,1.15
448588.7997178728,4177618.2598229023,12.084789217444587,-1.82,28.074107992215314,-4.72,36.38979199557004,0.05,33.5628341327059,-13.97,37.271122104416676,0.31,40.28972376450165,1.12
448587.15187798,4177621.043922387,13.696587359500137,-1.81,28.53906573162065,-4.23,37.49926205689199,0.17,31.920803350664542,-12.32,35.44379042670749,0.43,39.50244146009117,1.16
448588.2093821548,4177621.081710193,13.427946308804444,-1.84,28.771555816471203,-4.45,36.94439661525245,0.13,31.264356302996397,-13.06,34.4185100039518,0.41,39.109140028351185,1.06
448588.7679544317,4177621.644088021,11.681857748098954,-1.88,28.074107992215314,-4.52,35.28137446902962,0.08,29.405556176350604,-13.28,33.16795843529375,0.34,37.54407871756985,1.0
448589.1927822369,4177621.952107795,10.338805078403213,-1.92,26.679414217170457,-4.7,33.51013021074006,0.08,28.094470184802198,-13.71,31.467274371870115,0.29,36.246412655686406,0.91
448589.9086242119,4177622.302694436,10.741712440426692,-1.82,25.168799809119115,-4.35,32.84662972108082,0.09,26.129405043682237,-12.71,30.67546786761662,0.36,33.67153938860698,0.96
448590.128464872,4177622.234752007,11.413240784443655,-1.74,25.633570577510408,-4.07,33.95268249651423,0.15,25.583886573994192,-11.59,30.449454599089353,0.5,32.13871500679748,1.01
448590.0842062178,4177622.2017420335,11.278933508110207,-1.74,26.330782838053686,-4.4,33.62075201715219,0.23,25.911180296049693,-12.3,30.336484563172846,0.57,31.122413686577513,1.12
448590.0762260518,4177622.334935411,11.144627035760298,-1.8,26.911844485386016,-4.39,31.852121265162868,0.17,25.802076600977735,-12.3,30.336484563172846,0.45,29.984423551564472,0.99
448590.1829171871,4177622.489604464,10.741712440426692,-1.8,26.214576119249738,-4.27,32.1835241335847,0.13,25.802076600977735,-11.73,31.69372228352134,0.43,29.858462428808682,1.02
448590.2201640765,4177622.8111360017,10.741712440426692,-1.81,25.749767946357945,-4.47,32.73608454331785,0.15,26.129405043682237,-12.8,32.14690434585861,0.44,29.606540183297096,1.01
448590.8786229382,4177623.849989203,9.264420835025804,-1.92,23.77466711199581,-4.98,31.189615449635703,0.17,26.23852610210012,-14.33,30.562449073119087,0.34,29.732501306052892,0.82
448591.19064687815,4177624.4360949006,7.787226605529488,-1.84,21.683973414409365,-4.52,28.874055503494034,0.07,26.02028977725549,-13.44,28.08224151760209,0.29,30.110400034642765,0.8
448591.1581036267,4177624.869014565,8.72724802538037,-1.85,22.26466081229689,-4.61,27.66317487417967,0.05,25.583886573994192,-13.47,26.84665355937027,0.32,30.616374787942565,0.88
448591.0205293924,4177625.413542063,9.264420835025804,-1.82,23.19385801788081,-4.58,29.314724687367217,0.1,26.23852610210012,-13.37,28.53229851248168,0.37,31.757521199024254,0.87
448590.8654039021,4177625.969274289,10.20450423296037,-1.82,21.800107149704544,-4.58,28.76391697475752,0.13,25.583886573994192,-13.53,28.982754358466025,0.37,32.2662598322606,0.94
448590.8071217144,4177626.5133074448,12.48772791474023,-1.8,20.871089718097338,-4.51,28.984205532007195,0.15,24.38425538207753,-13.33,26.39810693180305,0.36,32.01156420400294,0.97
448590.5462735896,4177627.0696988064,11.54754886452009,-1.79,21.683973414409365,-4.44,29.314724687367217,0.09,22.531657469095602,-12.93,26.061966719181967,0.28,32.52134948318682,0.8
448590.136550962,4177627.771257273,11.54754886452009,-1.79,22.845395027275487,-4.42,29.42492103036304,0.14,20.789563589614588,-13.24,26.510205326091583,0.37,30.489881099617616,0.83
448589.7887074716,4177628.5057158745,12.622042420294994,-1.78,20.754970968211595,-4.32,28.21339906003894,0.17,20.027863253981995,-12.95,24.83143421240669,0.41,27.47495115133562,0.9
448589.5907069595,4177629.250335575,12.35341421226181,-1.78,19.826088426100213,-4.59,27.003296011858506,0.2,19.81028665513065,-13.99,22.1576806535488,0.53,26.478674922603567,0.88
448589.5345692416,4177630.1383097386,11.54754886452009,-1.79,19.94219218528736,-4.48,26.783431675780044,0.2,18.614028950283323,-13.24,22.60223595142629,0.47,26.105679801064312,0.81
448589.4329278144,4177630.793566261,11.950477924801756,-1.78,18.89732583013299,-4.38,25.575039191439476,0.23,17.635793252455816,-13.24,21.269879300288466,0.52,24.499335895879096,0.84
448589.41182347946,4177631.648036101,12.219101313090116,-1.8,18.432989522553253,-4.49,25.575039191439476,0.25,17.09253142113641,-13.3,19.168488534931356,0.58,22.78196894346585,0.79
448589.2949135367,4177632.680628094,11.54754886452009,-1.85,18.08475698508681,-4.59,24.697136374283854,0.23,16.11502451735595,-13.51,18.837628171157444,0.56,21.685328862994076,0.73
448589.26652082,4177633.779240024,10.338805078403213,-1.88,17.04016065327116,-4.74,23.491319229571733,0.25,14.703897225678258,-13.78,17.077466993533406,0.57,19.509318963909934,0.76
448589.2805190288,4177634.611300409,9.533012069418085,-1.86,15.995716301779327,-4.72,22.396453346501563,0.22,14.269900857399868,-13.74,15.54361614058493,0.54,17.952147282967807,0.71
448589.1964289388,4177635.255352212,8.4586664493235,-1.88,14.71937970142373,-4.82,20.975069536641307,0.22,13.185314886638654,-14.24,14.451727969153092,0.51,17.000197362520407,0.64
448589.1656151821,4177635.9656436658,6.8472446642814875,-1.87,12.631319206110343,-4.67,18.792748422447254,0.2,12.101307406160709,-13.72,13.037075741014759,0.49,16.289623063498453,0.64
448589.1790600139,4177636.708945088,5.370210024835943,-1.87,11.471548799583406,-4.57,17.812513495320346,0.2,11.992938485189898,-13.38,12.928487136578939,0.49,16.526481163172438,0.7
448589.1660050388,4177637.441316426,3.8932730962236604,-1.89,10.311966549993496,-4.55,16.833439153245152,0.2,11.667866406145219,-13.33,13.36304039229247,0.5,17.714021102240746,0.63
448589.15211998334,4177638.040549316,3.3562293754455714,-1.9,8.572946263614558,-4.6,16.29002002864778,0.2,11.126195331678725,-13.54,13.254351589174025,0.52,18.789149935533292,0.62
448589.1732682526,4177638.606277874,3.759010952636671,-1.9,7.877456882221471,-4.64,16.181381218308516,0.19,10.584668926526149,-13.49,12.602918536313213,0.55,19.268726215687067,0.63
448589.0702435013,4177639.039636994,3.759010952636671,-1.89,8.109279132054048,-4.52,16.29002002864778,0.18,9.177377402824732,-13.13,12.060985525432173,0.54,19.02852032013163,0.63
448588.8028684404,4177639.962214096,3.759010952636671,-1.89,8.225193084968236,-4.48,16.29002002864778,0.15,8.744561456860588,-12.92,11.62805563142311,0.5,17.714021102240746,0.62
448588.72924883966,4177640.872487884,4.1617998077186655,-1.9,8.68886776106453,-4.6,16.507343082582814,0.16,8.85275676660843,-13.43,11.62805563142311,0.47,16.76333926284642,0.64
448588.830311564,4177641.537575917,3.8932730962236604,-1.92,9.384436312006503,-4.65,16.833439153245152,0.15,8.636371934494754,-13.34,12.386041172555151,0.43,15.935260861265787,0.6
448589.07185336057,4177642.1241209824,3.759010952636671,-1.92,9.500371000148577,-4.7,16.398674029925473,0.13,8.85275676660843,-13.59,11.952702360373719,0.45,15.464133280621647,0.67
448589.1899138945,4177642.689245322,4.027536047993025,-1.9,9.384436312006503,-4.72,16.072757701066735,0.15,9.285595861776894,-13.92,11.411797976279981,0.48,15.228569490299577,0.68
448589.21980318695,4177643.243824085,4.027536047993025,-1.88,9.152572590875378,-4.66,15.746975746394293,0.19,9.502050161142709,-13.63,11.303722555646589,0.5,15.228569490299577,0.63
448589.1262804391,4177643.788076988,4.1617998077186655,-1.84,8.572946263614558,-4.51,15.421328819138601,0.21,9.502050161142709,-13.27,11.411797976279981,0.51,15.581915175782681,0.66
448588.78607198986,4177644.333867919,4.1617998077186655,-1.85,8.457026651368505,-4.55,15.095821040159972,0.22,9.610285997469898,-13.51,11.519909152393376,0.49,15.935260861265787,0.63
448588.4563339785,4177645.145880842,4.4303297545121065,-1.86,8.68886776106453,-4.59,15.312810562154093,0.24,9.502050161142709,-13.69,11.19568334305687,0.54,15.935260861265787,0.56
448588.1254200579,4177645.769280973,4.833130738776265,-1.88,8.80479114309841,-4.56,14.878893039023117,0.28,9.285595861776894,-13.64,10.87178034916394,0.57,15.935260861265787,0.58
448587.70702675066,4177646.493084264,5.101668766432701,-1.9,8.80479114309841,-4.61,14.662025985224998,0.31,9.177377402824732,-13.76,10.332650538939967,0.62,15.581915175782681,0.61
448587.0804399887,4177647.739664875,4.967399349050862,-1.88,8.341108924946392,-4.66,14.445221223879255,0.31,9.285595861776894,-13.72,10.009617875202943,0.63,15.228569490299577,0.62
448586.442898721,4177648.642359466,4.833130738776265,-1.85,8.80479114309841,-4.6,14.662025985224998,0.32,8.96095786157586,-13.5,10.332650538939967,0.62,15.228569490299577,0.65
448585.9545083685,4177649.44426641,4.564595941115256,-1.86,8.572946263614558,-4.7,15.204307919079989,0.33,9.069164739600449,-13.79,11.411797976279981,0.6,15.346351385460615,0.67
448585.5363921583,4177650.212449304,4.833130738776265,-1.87,8.68886776106453,-4.69,15.095821040159972,0.33,9.177377402824732,-13.76,11.519909152393376,0.61,15.464133280621647,0.67
448585.2160183437,4177651.113166407,5.2359389914985845,-1.85,8.80479114309841,-4.61,15.421328819138601,0.33,9.069164739600449,-13.58,10.763882361662654,0.59,15.464133280621647,0.64
448584.7356774785,4177651.792974911,5.50448186609219,-1.81,8.80479114309841,-4.41,14.987349505243806,0.31,8.85275676660843,-13.05,10.4404034466797,0.58,15.110787595138543,0.61
448583.80539409904,4177652.375731284,5.50448186609219,-1.81,9.152572590875378,-4.47,15.095821040159972,0.32,9.069164739600449,-13.25,10.332650538939967,0.58,14.759385186938502,0.6
448582.9999064031,4177653.1907109534,5.50448186609219,-1.83,9.384436312006503,-4.56,15.095821040159972,0.34,9.177377402824732,-13.5,10.656019872465327,0.59,14.525144671719131,0.61
448582.7053409237,4177653.9914095127,5.2359389914985845,-1.81,9.268503508720071,-4.53,15.095821040159972,0.36,9.502050161142709,-13.5,10.87178034916394,0.63,14.642264929328814,0.6
448582.5426516684,4177654.7469045487,5.50448186609219,-1.82,9.152572590875378,-4.56,15.204307919079989,0.37,9.826775033196672,-13.49,10.656019872465327,0.64,14.759385186938502,0.59
448582.3710138864,4177655.480264784,5.63875451491474,-1.86,9.268503508720071,-4.6,15.095821040159972,0.37,9.826775033196672,-13.55,10.332650538939967,0.67,15.110787595138543,0.6
448582.3499795869,4177656.345829554,5.50448186609219,-1.87,9.384436312006503,-4.58,14.987349505243806,0.36,9.826775033196672,-13.57,10.87178034916394,0.67,15.228569490299577,0.54
448581.9318640741,4177657.114012645,5.2359389914985845,-1.86,8.92071640909618,-4.5,15.204307919079989,0.29,9.285595861776894,-13.16,11.19568334305687,0.6,14.993625702157873,0.52
448581.6464549586,4177657.970130668,5.370210024835943,-1.84,9.036643558437822,-4.43,15.312810562154093,0.29,9.393820115230628,-13.04,10.87178034916394,0.54,14.993625702157873,0.52
448581.4742638554,4177658.614731956,5.370210024835943,-1.82,9.384436312006503,-4.42,15.312810562154093,0.3,9.610285997469898,-13.52,10.763882361662654,0.51,15.228569490299577,0.56
448581.126214939,4177659.315906366,5.101668766432701,-1.85,9.732246028655222,-4.6,15.529862537317486,0.3,9.610285997469898,-13.82,11.736236960805524,0.5,15.346351385460615,0.5
448580.726273553,4177660.172738621,5.101668766432701,-1.86,9.268503508720071,-4.55,16.29002002864778,0.27,9.610285997469898,-13.55,11.844452687976949,0.47,15.581915175782681,0.44
448580.3009394811,4177661.196158784,5.101668766432701,-1.89,9.616307572560185,-4.6,18.46587542807577,0.22,9.826775033196672,-13.75,12.060985525432173,0.37,15.581915175782681,0.34
448579.7695373644,4177662.164763888,4.967399349050862,-1.88,9.500371000148577,-4.59,18.03024406506323,0.25,9.610285997469898,-13.71,12.277654209267139,0.39,15.464133280621647,0.4
448579.1585669671,4177663.0894840057,5.50448186609219,-1.88,9.616307572560185,-4.59,16.29002002864778,0.27,9.718527622168963,-13.59,12.386041172555151,0.49,15.110787595138543,0.52
448578.7591102923,4177664.023980466,5.50448186609219,-1.88,10.196018679369024,-4.7,16.072757701066735,0.27,10.151551965586922,-13.91,12.060985525432173,0.51,15.228569490299577,0.47
448578.2275009785,4177664.959301065,5.370210024835943,-1.86,9.848186367847587,-4.66,15.746975746394293,0.27,10.2598225178205,-13.82,11.519909152393376,0.51,15.464133280621647,0.46
448577.8641155007,4177666.026716264,5.50448186609219,-1.87,9.732246028655222,-4.77,15.638411563974723,0.28,10.2598225178205,-14.17,11.411797976279981,0.53,15.581915175782681,0.54
448577.46327532426,4177666.739315363,5.907302233848393,-1.85,10.543867942524505,-4.67,16.181381218308516,0.29,10.2598225178205,-14.0,11.62805563142311,0.55,15.581915175782681,0.46
448577.0104736175,4177667.596477469,6.0415773032543205,-1.84,10.543867942524505,-4.52,16.616027047061053,0.28,10.476381000230676,-13.4,12.169302261779938,0.51,15.110787595138543,0.52
448576.4876057267,4177668.520648374,6.444407352752259,-1.84,10.543867942524505,-4.62,16.616027047061053,0.3,10.584668926526149,-13.85,12.169302261779938,0.5,14.993625702157873,0.51
448575.9296356301,4177669.467228833,6.712964754065721,-1.86,10.891734151169468,-4.58,16.507343082582814,0.31,10.584668926526149,-13.6,11.519909152393376,0.57,14.993625702157873,0.53
448575.4669169782,4177670.1469280296,6.712964754065721,-1.85,11.007693317115596,-4.53,16.507343082582814,0.33,10.69296264029445,-13.65,11.62805563142311,0.61,14.876505444548187,0.5
448574.9074940505,4177670.8605162576,6.8472446642814875,-1.84,11.007693317115596,-4.5,16.507343082582814,0.33,10.584668926526149,-13.4,11.519909152393376,0.61,14.876505444548187,0.47
448574.5525042877,4177671.861307448,6.981525380438931,-1.84,10.891734151169468,-4.47,16.616027047061053,0.33,10.69296264029445,-13.49,11.844452687976949,0.6,14.759385186938502,0.53
448574.35582096665,4177672.816730146,6.8472446642814875,-1.83,10.891734151169468,-4.58,16.724725783801414,0.33,10.9095674224873,-13.76,11.303722555646589,0.57,14.759385186938502,0.51
448574.2286503544,4177673.616385085,6.712964754065721,-1.85,11.007693317115596,-4.67,17.159665774620738,0.3,10.476381000230676,-14.01,12.169302261779938,0.48,14.876505444548187,0.5
448574.08199117,4177674.116588385,5.773027970951003,-1.89,10.311966549993496,-4.76,16.724725783801414,0.25,10.151551965586922,-14.3,11.736236960805524,0.46,14.408024414109443,0.49
448573.79602993286,4177674.883947743,6.0415773032543205,-1.89,10.659821463316812,-4.66,17.05090923200768,0.24,10.2598225178205,-13.87,12.277654209267139,0.45,14.642264929328814,0.45
448573.0515938892,4177675.598689979,6.175853179084616,-1.86,10.543867942524505,-4.63,16.724725783801414,0.28,10.368098863348607,-14.02,11.736236960805524,0.52,14.642264929328814,0.51
448572.6340338247,4177676.4556325576,6.444407352752259,-1.87,10.311966549993496,-4.64,16.072757701066735,0.29,10.2598225178205,-13.97,11.08768076138124,0.5,14.408024414109443,0.5
448572.32088113367,4177677.101113226,6.444407352752259,-1.87,10.311966549993496,-4.7,16.072757701066735,0.3,10.043287206065093,-14.01,10.87178034916394,0.53,14.290904156499758,0.47
448571.8319403079,4177677.814262099,6.175853179084616,-1.87,10.427916304564363,-4.68,16.29002002864778,0.3,9.935028228509793,-13.99,11.411797976279981,0.49,14.290904156499758,0.54
448571.3694992696,4177678.538341027,6.31012986230108,-1.86,10.311966549993496,-4.65,16.072757701066735,0.31,10.151551965586922,-14.15,11.519909152393376,0.52,14.173783898890074,0.43
