,ame,Long,Lat,Ele,Time,geometry,X,Y
310,10002213,32.69426565,-117.2271858,-35.037,17:24:00,POINT (478704.33078117156 3617416.6897564703),478704.3308,3617416.69
311,10002214,32.69426059,-117.2271888,-35.079,17:24:01,POINT (478704.0483700246 3617416.129431357),478704.0484,3617416.129
312,10002215,32.69425524,-117.2271903,-35.057,17:24:02,POINT (478703.9064958703 3617415.5366574973),478703.9065,3617415.537
313,10002216,32.6942495,-117.22719,-35.047,17:24:03,POINT (478703.93325618573 3617414.900289221),478703.9333,3617414.9
314,10002217,32.69424329,-117.2271896,-35.093,17:24:04,POINT (478703.96927879646 3617414.21179901),478703.9693,3617414.212
315,10002218,32.69423724,-117.2271895,-35.068,17:24:05,POINT (478703.97721818485 3617413.541105767),478703.9772,3617413.541
316,10002219,32.69423084,-117.2271892,-35.062,17:24:06,POINT (478704.00382203667 3617412.831573146),478704.0038,3617412.832
317,10002220,32.69422452,-117.2271884,-35.061,17:24:07,POINT (478704.0773134732 3617412.130808669),478704.0773,3617412.131
318,10002221,32.69421861,-117.2271883,-35.076,17:24:08,POINT (478704.08528605994 3617411.4756351397),478704.0853,3617411.476
319,10002222,32.69421243,-117.2271886,-35.079,17:24:09,POINT (478704.05569974746 3617410.7906109462),478704.0557,3617410.791
320,10002223,32.69420625,-117.2271888,-35.077,17:24:10,POINT (478704.0354871561 3617410.105566704),478704.0355,3617410.106
321,10002224,32.69420028,-117.22719,-35.055,17:24:11,POINT (478703.9215871026 3617409.4440025473),478703.9216,3617409.444
322,10002225,32.69419449,-117.2271905,-35.04,17:24:12,POINT (478703.8733457831 3617408.8022519425),478703.8733,3617408.802
323,10002226,32.69418849,-117.2271917,-35.06,17:24:13,POINT (478703.7594385911 3617408.1373621374),478703.7594,3617408.137
324,10002227,32.69418225,-117.2271936,-35.089,17:24:14,POINT (478703.5798584013 3617407.4460074827),478703.5799,3617407.446
325,10002228,32.69417588,-117.2271959,-35.071,17:24:15,POINT (478703.36275246047 3617406.7403218853),478703.3628,3617406.74
326,10002229,32.69416931,-117.2271967,-35.06,17:24:16,POINT (478703.286204983 3617406.0121644856),478703.2862,3617406.012
327,10002230,32.69416327,-117.2271958,-35.058,17:24:17,POINT (478703.3691365339 3617405.342419378),478703.3691,3617405.342
328,10002231,32.69415737,-117.2271973,-35.097,17:24:18,POINT (478703.2271317941 3617404.6886752476),478703.2271,3617404.689
329,10002232,32.69415181,-117.2271998,-35.102,17:24:19,POINT (478702.9914703521 3617404.072822373),478702.9915,3617404.073
330,10002233,32.69414597,-117.2272004,-35.116,17:24:20,POINT (478702.9338433656 3617403.425549075),478702.9338,3617403.426
331,10002234,32.69414014,-117.2272009,-35.138,17:24:21,POINT (478702.8855924734 3617402.7793642743),478702.8856,3617402.779
332,10002235,32.69413439,-117.2272017,-35.148,17:24:22,POINT (478702.80923935253 3617402.142108041),478702.8092,3617402.142
333,10002236,32.69412802,-117.227202,-35.13,17:24:23,POINT (478702.7796078801 3617401.4360213983),478702.7796,3617401.436
334,10002237,32.69412152,-117.2272026,-35.122,17:24:24,POINT (478702.7218243875 3617400.7155837575),478702.7218,3617400.716
335,10002238,32.69411498,-117.2272027,-35.136,17:24:25,POINT (478702.7109000679 3617399.9906116473),478702.7109,3617399.991
336,10002239,32.69410777,-117.2272008,-35.096,17:24:26,POINT (478702.8872915764 3617399.190965578),478702.8873,3617399.191
337,10002240,32.6941017,-117.2272007,-35.178,17:24:27,POINT (478702.8952261742 3617398.518055247),478702.8952,3617398.518
338,10002241,32.69409652,-117.2272019,-35.101,17:24:28,POINT (478702.7815132224 3617397.9440666186),478702.7815,3617397.944
339,10002242,32.69409207,-117.2272013,-35.049,17:24:29,POINT (478702.83670057595 3617397.4506412377),478702.8367,3617397.451
340,10002243,32.69408758,-117.2272018,-35.073,17:24:30,POINT (478702.788767357 3617396.9530022377),478702.7888,3617396.953
341,10002244,32.69408328,-117.2272018,-35.065,17:24:31,POINT (478702.7877478649 3617396.476325434),478702.7877,3617396.476
342,10002245,32.69407889,-117.2272002,-35.019,17:24:32,POINT (478702.93668682437 3617395.989350828),478702.9367,3617395.989
343,10002246,32.69407393,-117.2271998,-35.042,17:24:33,POINT (478702.97300581256 3617395.43942947),478702.973,3617395.439
344,10002247,32.69406892,-117.2272005,-35.072,17:24:34,POINT (478702.90620182623 3617394.88418594),478702.9062,3617394.884
345,10002248,32.69406377,-117.2272017,-35.064,17:24:35,POINT (478702.7924959469 3617394.313522967),478702.7925,3617394.314
346,10002249,32.69405831,-117.2272021,-35.076,17:24:36,POINT (478702.75370647095 3617393.708334501),478702.7537,3617393.708
347,10002250,32.69405263,-117.2272034,-35.081,17:24:37,POINT (478702.63050117553 3617393.0789383953),478702.6305,3617393.079
348,10002251,32.69404689,-117.2272043,-35.081,17:24:38,POINT (478702.54477659566 3617392.4428107766),478702.5448,3617392.443
349,10002252,32.69404088,-117.2272057,-35.074,17:24:39,POINT (478702.41211928386 3617391.7768525574),478702.4121,3617391.777
350,10002253,32.69403444,-117.2272087,-35.119,17:24:40,POINT (478702.1293801386 3617391.0635475195),478702.1294,3617391.064
351,10002254,32.69402831,-117.2272105,-35.078,17:24:41,POINT (478701.9591993611 3617390.3843669132),478701.9592,3617390.384
352,10002255,32.69402197,-117.227211,-35.069,17:24:42,POINT (478701.910827432 3617389.6816460444),478701.9108,3617389.682
353,10002256,32.69401592,-117.2272114,-35.067,17:24:43,POINT (478701.87189799827 3617389.011053091),478701.8719,3617389.011
354,10002257,32.69401046,-117.2272124,-35.089,17:24:44,POINT (478701.7768659819 3617388.4059849577),478701.7769,3617388.406
355,10002258,32.69400441,-117.2272126,-35.056,17:24:45,POINT (478701.7566840244 3617387.7353518982),478701.7567,3617387.735
356,10002259,32.69399868,-117.2272126,-35.069,17:24:46,POINT (478701.75532542914 3617387.100152354),478701.7553,3617387.1
357,10002260,32.69399317,-117.2272131,-35.098,17:24:47,POINT (478701.7071502629 3617386.489441198),478701.7072,3617386.489
358,10002261,32.69398733,-117.2272148,-35.082,17:24:48,POINT (478701.5464118917 3617385.8423885177),478701.5464,3617385.842
359,10002262,32.69398178,-117.2272166,-35.103,17:24:49,POINT (478701.3763685102 3617385.227503866),478701.3764,3617385.228
360,10002263,32.69397586,-117.2272198,-35.14,17:24:50,POINT (478701.0750049059 3617384.5718836086),478701.075,3617384.572
361,10002264,32.69396961,-117.2272219,-35.154,17:24:51,POINT (478700.876674255 3617383.879460583),478700.8767,3617383.879
362,10002265,32.69396337,-117.2272213,-35.131,17:24:52,POINT (478700.9314371706 3617383.1876046285),478700.9314,3617383.188
363,10002266,32.69395723,-117.2272208,-35.138,17:24:53,POINT (478700.9768500589 3617382.506854237),478700.9769,3617382.507
364,10002267,32.69395118,-117.2272198,-35.108,17:24:54,POINT (478701.0691530423 3617381.835980528),478701.0692,3617381.836
365,10002268,32.69394467,-117.2272178,-35.156,17:24:55,POINT (478701.2550844846 3617381.1139129438),478701.2551,3617381.114
366,10002269,32.69393829,-117.2272164,-35.135,17:24:56,POINT (478701.38480426435 3617380.4063768494),478701.3848,3617380.406
367,10002270,32.69393205,-117.227217,-35.175,17:24:57,POINT (478701.32708220964 3617379.7147615543),478701.3271,3617379.715
368,10002271,32.69392618,-117.2272179,-35.15,17:24:58,POINT (478701.24132661696 3617379.0642228),478701.2413,3617379.064
369,10002272,32.6939205,-117.2272184,-35.116,17:24:59,POINT (478701.19311108073 3617378.4346662886),478701.1931,3617378.435
370,10002273,32.69391522,-117.2272198,-35.135,17:25:00,POINT (478701.060626591 3617377.849632298),478701.0606,3617377.85
371,10002274,32.69391012,-117.2272215,-35.135,17:25:01,POINT (478700.90006350266 3617377.2846123865),478700.9001,3617377.285
372,10002275,32.69390486,-117.2272219,-35.143,17:25:02,POINT (478700.8613212789 3617376.7015949534),478700.8613,3617376.702
373,10002276,32.69389949,-117.2272221,-35.139,17:25:03,POINT (478700.8413004767 3617376.1063433527),478700.8413,3617376.106
374,10002277,32.69389435,-117.2272232,-35.157,17:25:04,POINT (478700.7369704063 3617375.5367689137),478700.737,3617375.537
375,10002278,32.69388966,-117.2272234,-35.147,17:25:05,POINT (478700.71711083164 3617375.01689876),478700.7171,3617375.017
376,10002279,32.69388602,-117.2272229,-35.176,17:25:07,POINT (478700.763116529 3617374.6132860417),478700.7631,3617374.613
377,10002280,32.69388189,-117.2272215,-35.136,17:25:07,POINT (478700.89336986234 3617374.155173849),478700.8934,3617374.155
378,10002281,32.69387597,-117.2272204,-35.173,17:25:08,POINT (478700.9950775097 3617373.4986912515),478700.9951,3617373.499
379,10002282,32.6938692,-117.2272187,-35.166,17:25:09,POINT (478701.15282618126 3617372.7478615227),478701.1528,3617372.748
380,10002283,32.69386283,-117.2272181,-35.174,17:25:10,POINT (478701.20755836245 3617372.041594422),478701.2076,3617372.042
381,10002284,32.69385639,-117.2272182,-35.148,17:25:11,POINT (478701.19665763364 3617371.32770785),478701.1967,3617371.328
382,10002285,32.69385042,-117.2272184,-35.148,17:25:12,POINT (478701.17649458157 3617370.6659432133),478701.1765,3617370.666
383,10002286,32.69384498,-117.2272201,-35.16,17:25:13,POINT (478701.0158507696 3617370.0632325835),478701.0159,3617370.063
384,10002287,32.69383977,-117.2272226,-35.144,17:25:14,POINT (478700.78027137904 3617369.48617906),478700.7803,3617369.486
385,10002288,32.69383403,-117.2272258,-35.161,17:25:15,POINT (478700.47894995054 3617368.8505127435),478700.4789,3617368.851
386,10002289,32.69382801,-117.2272297,-35.186,17:25:16,POINT (478700.1119457486 3617368.1839474067),478700.1119,3617368.184
387,10002290,32.69382181,-117.2272327,-35.161,17:25:17,POINT (478699.8292626916 3617367.4972476703),478699.8293,3617367.497
388,10002291,32.69381533,-117.2272334,-35.157,17:25:18,POINT (478699.762109788 3617366.779047236),478699.7621,3617366.779
389,10002292,32.6938089,-117.2272355,-35.169,17:25:19,POINT (478699.56373601576 3617366.066670341),478699.5637,3617366.067
390,10002293,32.69380301,-117.2272353,-35.126,17:25:20,POINT (478699.5810868804 3617365.413693894),478699.5811,3617365.414
391,10002294,32.69379706,-117.227234,-35.156,17:25:21,POINT (478699.7015349565 3617364.753845528),478699.7015,3617364.754
392,10002295,32.69379066,-117.2272329,-35.187,17:25:22,POINT (478699.8031288057 3617364.0441524964),478699.8031,3617364.044
393,10002296,32.69378457,-117.2272328,-35.22,17:25:23,POINT (478699.8110585007 3617363.369025094),478699.8111,3617363.369
394,10002297,32.69377839,-117.2272324,-35.157,17:25:24,POINT (478699.8470881616 3617362.6838605697),478699.8471,3617362.684
395,10002298,32.69377164,-117.2272309,-35.144,17:25:25,POINT (478699.98609413026 3617361.935288048),478699.9861,3617361.935
396,10002299,32.69376555,-117.2272312,-35.165,17:25:26,POINT (478699.9565287597 3617361.260240871),478699.9565,3617361.26
397,10002300,32.69375954,-117.2272321,-35.151,17:25:27,POINT (478699.8707397332 3617360.5941824345),478699.8707,3617360.594
398,10002301,32.69375299,-117.2272336,-35.155,17:25:28,POINT (478699.7285800235 3617359.8683825983),478699.7286,3617359.868
399,10002302,32.69374672,-117.2272355,-35.173,17:25:29,POINT (478699.54899159836 3617359.173702407),478699.549,3617359.174
400,10002303,32.69374033,-117.2272377,-35.158,17:25:30,POINT (478699.3412533781 3617358.4657797804),478699.3413,3617358.466
401,10002304,32.69373402,-117.2272396,-35.172,17:25:31,POINT (478699.16165541887 3617357.7666653977),478699.1617,3617357.767
402,10002305,32.69372803,-117.2272417,-35.177,17:25:32,POINT (478698.96338576823 3617357.1030647494),478698.9634,3617357.103
403,10002306,32.69372184,-117.2272444,-35.159,17:25:33,POINT (478698.7088260179 3617356.417413434),478698.7088,3617356.417
404,10002307,32.69371608,-117.2272438,-35.109,17:25:34,POINT (478698.7637027767 3617355.7787679257),478698.7637,3617355.779
405,10002308,32.69370993,-117.2272438,-35.139,17:25:35,POINT (478698.76224440866 3617355.0970092826),478698.7622,3617355.097
406,10002309,32.69370399,-117.2272443,-35.106,17:25:36,POINT (478698.7139669599 3617354.4386304896),478698.714,3617354.439
407,10002310,32.69369805,-117.2272428,-35.066,17:25:37,POINT (478698.85316503956 3617353.779850561),478698.8532,3617353.78
408,10002311,32.69369193,-117.227242,-35.109,17:25:38,POINT (478698.926704015 3617353.1012571207),478698.9267,3617353.101
409,10002312,32.69368598,-117.2272415,-35.082,17:25:39,POINT (478698.97216197604 3617352.4415692105),478698.9722,3617352.442
410,10002313,32.69367973,-117.227239,-35.107,17:25:40,POINT (478699.2050243807 3617351.748223656),478699.205,3617351.748
411,10002314,32.69367326,-117.2272387,-35.132,17:25:41,POINT (478699.23161150445 3617351.0309312274),478699.2316,3617351.031
412,10002315,32.69366642,-117.2272396,-35.092,17:25:42,POINT (478699.14562553057 3617350.272863104),478699.1456,3617350.273
413,10002316,32.69365961,-117.2272409,-35.062,17:25:43,POINT (478699.02215153613 3617349.518200859),478699.0222,3617349.518
414,10002317,32.69365265,-117.2272425,-35.176,17:25:44,POINT (478698.87052060524 3617348.7469705273),478698.8705,3617348.747
415,10002318,32.69364681,-117.2272449,-35.083,17:25:45,POINT (478698.64416498435 3617348.1000583237),478698.6442,3617348.1
416,10002319,32.69364058,-117.227248,-35.103,17:25:46,POINT (478698.35210037115 3617347.41005305),478698.3521,3617347.41
417,10002320,32.69363459,-117.2272493,-35.047,17:25:47,POINT (478698.22882073565 3617346.7462919685),478698.2288,3617346.746
418,10002321,32.69362796,-117.2272509,-35.129,17:25:48,POINT (478698.07726796146 3617346.0116438223),478698.0773,3617346.012
419,10002322,32.69362143,-117.2272519,-34.998,17:25:49,POINT (478697.98198158754 3617345.28796084),478697.982,3617345.288
420,10002323,32.69361533,-117.2272487,-35.053,17:25:50,POINT (478698.2804961682 3617344.6111031263),478698.2805,3617344.611
421,10002324,32.69360894,-117.2272489,-35.071,17:25:51,POINT (478698.2602332861 3617343.902779395),478698.2602,3617343.903
422,10002325,32.6936032,-117.2272476,-35.013,17:25:52,POINT (478698.3807313455 3617343.266210598),478698.3807,3617343.266
423,10002326,32.69359695,-117.227245,-35.058,17:25:53,POINT (478698.6229677185 3617342.572844982),478698.623,3617342.573
424,10002327,32.69358991,-117.2272455,-35.095,17:25:54,POINT (478698.57442935713 3617341.792525632),478698.5744,3617341.793
425,10002328,32.69358377,-117.227243,-35.005,17:25:55,POINT (478698.80731807585 3617341.1113741347),478698.8073,3617341.111
426,10002329,32.69357739,-117.2272448,-35.148,17:25:56,POINT (478698.63707696984 3617340.404479865),478698.6371,3617340.404
427,10002330,32.69357129,-117.2272484,-35.015,17:25:57,POINT (478698.29817401024 3617339.728986041),478698.2982,3617339.729
428,10002331,32.69356481,-117.2272479,-35.093,17:25:58,POINT (478698.3435063177 3617339.010544959),478698.3435,3617339.011
429,10002332,32.69355937,-117.2272527,-35.132,17:25:59,POINT (478697.8922743093 3617338.4084561765),478697.8923,3617338.408
430,10002333,32.69355443,-117.2272525,-34.991,17:26:00,POINT (478697.90985041385 3617337.86079206),478697.9099,3617337.861
431,10002334,32.6935483,-117.2272542,-35.1,17:26:02,POINT (478697.74904226523 3617337.181591514),478697.749,3617337.182
432,10002335,32.69354289,-117.2272563,-35.038,17:26:02,POINT (478697.5509096671 3617336.5822868473),478697.5509,3617336.582
433,10002336,32.69353691,-117.2272575,-35.106,17:26:03,POINT (478697.4370060157 3617335.9196142782),478697.437,3617335.92
434,10002337,32.69353091,-117.2272616,-35.084,17:26:04,POINT (478697.05125756917 3617335.255306297),478697.0513,3617335.255
435,10002338,32.69352476,-117.227262,-35.081,17:26:05,POINT (478697.0123039148 3617334.5736279073),478697.0123,3617334.574
436,10002339,32.69351855,-117.2272649,-35.106,17:26:06,POINT (478696.738991136 3617333.885799676),478696.739,3617333.886
437,10002340,32.69351255,-117.2272647,-35.073,17:26:07,POINT (478696.75631580147 3617333.220629197),478696.7563,3617333.221
438,10002341,32.69350649,-117.2272672,-35.172,17:26:08,POINT (478696.5205337297 3617332.5493489974),478696.5205,3617332.549
439,10002342,32.69350091,-117.2272676,-35.018,17:26:09,POINT (478696.48171520844 3617331.930857998),478696.4817,3617331.931
440,10002343,32.69349465,-117.2272676,-35.171,17:26:10,POINT (478696.4802306104 3617331.236905322),478696.4802,3617331.237
441,10002344,32.69348834,-117.227272,-35.221,17:26:11,POINT (478696.06628700404 3617330.5382924895),478696.0663,3617330.538
442,10002345,32.69348245,-117.2272708,-35.074,17:26:12,POINT (478696.17737571825 3617329.885115478),478696.1774,3617329.885
443,10002346,32.6934762,-117.2272734,-35.19,17:26:13,POINT (478695.93217466795 3617329.1927928925),478695.9322,3617329.193
444,10002347,32.69347059,-117.2272717,-34.966,17:26:14,POINT (478696.0901987994 3617328.5705550015),478696.0902,3617328.571
445,10002348,32.69346342,-117.2272721,-35.171,17:26:15,POINT (478696.0510031545 3617327.7758044624),478696.051,3617327.776
446,10002349,32.69345682,-117.2272733,-35.037,17:26:16,POINT (478695.9369522671 3617327.0444017807),478695.937,3617327.044
447,10002350,32.6934504,-117.2272747,-35.149,17:26:17,POINT (478695.8041964446 3617326.332993131),478695.8042,3617326.333
448,10002351,32.69344456,-117.2272795,-35.155,17:26:18,POINT (478695.3528688452 3617325.6865624473),478695.3529,3617325.687
449,10002352,32.6934392,-117.2272795,-35.061,17:26:19,POINT (478695.3515976224 3617325.0923793297),478695.3516,3617325.092
450,10002353,32.69343283,-117.2272834,-35.18,17:26:20,POINT (478694.9845084803 3617324.387014944),478694.9845,3617324.387
451,10002354,32.69342711,-117.2272872,-35.039,17:26:21,POINT (478694.6269472516 3617323.7536862995),478694.6269,3617323.754
452,10002355,32.69342134,-117.2272884,-35.162,17:26:22,POINT (478694.5130930741 3617323.114293338),478694.5131,3617323.114
453,10002356,32.69341596,-117.2272922,-35.084,17:26:23,POINT (478694.15561241785 3617322.51865543),478694.1556,3617322.519
454,10002357,32.69341088,-117.2272924,-35.126,17:26:24,POINT (478694.1356599189 3617321.9555518553),478694.1357,3617321.956
455,10002358,32.6934046,-117.227295,-35.184,17:26:25,POINT (478693.89045142155 3617321.259903674),478693.8905,3617321.26
456,10002359,32.69339851,-117.2272944,-35.117,17:26:26,POINT (478693.94524981594 3617320.5846760017),478693.9452,3617320.585
457,10002360,32.69339293,-117.2272979,-35.134,17:26:27,POINT (478693.615843024 3617319.966806921),478693.6158,3617319.967
458,10002361,32.69338687,-117.2272987,-35.137,17:26:28,POINT (478693.53941519244 3617319.29518576),478693.5394,3617319.295
459,10002362,32.69338104,-117.2273024,-35.154,17:26:29,POINT (478693.1912014128 3617318.649643052),478693.1912,3617318.65
460,10002363,32.69337567,-117.2273007,-35.086,17:26:30,POINT (478693.3492824717 3617318.054010342),478693.3493,3617318.054
461,10002364,32.69336993,-117.2273043,-35.179,17:26:31,POINT (478693.01046379755 3617317.418424536),478693.0105,3617317.418
462,10002365,32.69336475,-117.2273035,-35.014,17:26:32,POINT (478693.0842256276 3617316.8440348394),478693.0842,3617316.844
463,10002366,32.69335786,-117.2273043,-35.276,17:26:33,POINT (478693.00760086667 3617316.0804039887),478693.0076,3617316.08
464,10002367,32.69335263,-117.2273027,-34.948,17:26:34,POINT (478693.1563413516 3617315.500311045),478693.1563,3617315.5
465,10002368,32.69334579,-117.2273015,-35.112,17:26:35,POINT (478693.26720472326 3617314.741821711),478693.2672,3617314.742
466,10002369,32.69333975,-117.227304,-35.044,17:26:36,POINT (478693.0314267281 3617314.072758711),478693.0314,3617314.073
467,10002370,32.69333489,-117.2273003,-35.074,17:26:37,POINT (478693.37710512086 3617313.533260846),478693.3771,3617313.533
468,10002371,32.6933284,-117.2273051,-35.184,17:26:38,POINT (478692.92562261457 3617312.8147744928),478692.9256,3617312.815
469,10002372,32.69332292,-117.2273046,-35.071,17:26:39,POINT (478692.971191868 3617312.2071884694),478692.9712,3617312.207
470,10002373,32.69331695,-117.2273079,-35.197,17:26:40,POINT (478692.6604398666 3617311.546045831),478692.6604,3617311.546
471,10002374,32.69331108,-117.2273102,-35.152,17:26:41,POINT (478692.4434497181 3617310.8957880815),478692.4434,3617310.896
472,10002375,32.69330552,-117.2273106,-35.197,17:26:42,POINT (478692.40463561774 3617310.279514215),478692.4046,3617310.28
473,10002376,32.69329998,-117.2273145,-35.124,17:26:43,POINT (478692.0377426042 3617309.666159646),478692.0377,3617309.666
474,10002377,32.69329553,-117.2273076,-35.116,17:26:44,POINT (478692.68348055705 3617309.171470328),478692.6835,3617309.171
475,10002378,32.69329044,-117.22731,-35.237,17:26:45,POINT (478692.45730155654 3617308.6076995865),478692.4573,3617308.608
476,10002379,32.69328501,-117.2273075,-34.983,17:26:46,POINT (478692.69035906694 3617308.0052550705),478692.6904,3617308.005
477,10002380,32.69327894,-117.2273072,-35.165,17:26:47,POINT (478692.71704074496 3617307.3323046924),478692.717,3617307.332
478,10002381,32.69327426,-117.2273099,-35.083,17:26:48,POINT (478692.4628374949 3617306.8140447116),478692.4628,3617306.814
479,10002382,32.69326836,-117.2273112,-35.173,17:26:49,POINT (478692.3395783325 3617306.1602606936),478692.3396,3617306.16
480,10002383,32.69326243,-117.2273136,-35.089,17:26:50,POINT (478692.1131999957 3617305.503371715),478692.1132,3617305.503
481,10002384,32.69325759,-117.2273121,-35.177,17:26:51,POINT (478692.25265927706 3617304.9665323044),478692.2527,3617304.967
482,10002385,32.693252,-117.2273146,-35.175,17:26:52,POINT (478692.016987734 3617304.3473541094),478692.017,3617304.347
483,10002386,32.69324722,-117.2273136,-35.093,17:26:53,POINT (478692.10959214077 3617303.817266315),478692.1096,3617303.817
484,10002387,32.69324291,-117.2273125,-35.13,17:26:54,POINT (478692.21168186516 3617303.339260336),478692.2117,3617303.339
485,10002388,32.69323831,-117.2273129,-35.139,17:26:55,POINT (478692.1730954383 3617302.8294073306),478692.1731,3617302.829
486,10002389,32.69323565,-117.2273088,-35.109,17:26:56,POINT (478692.5567913144 3617302.533710318),478692.5568,3617302.534
487,10002390,32.69323168,-117.2273091,-35.22,17:26:57,POINT (478692.5277281629 3617302.093675936),478692.5277,3617302.094
488,10002391,32.69322615,-117.2273078,-34.966,17:26:58,POINT (478692.6482761974 3617301.480386669),478692.6483,3617301.48
489,10002392,32.69321881,-117.2273079,-35.239,17:26:59,POINT (478692.6371613487 3617300.666730625),478692.6372,3617300.667
490,10002393,32.6932133,-117.2273064,-35.019,17:27:00,POINT (478692.7764618067 3617300.055618338),478692.7765,3617300.056
491,10002394,32.69320721,-117.2273096,-35.242,17:27:01,POINT (478692.47505478846 3617299.381153045),478692.4751,3617299.381
492,10002395,32.69320182,-117.2273115,-35.107,17:27:02,POINT (478692.2956735413 3617298.7840254866),478692.2957,3617298.784
493,10002396,32.69319581,-117.2273138,-35.145,17:27:03,POINT (478692.0786498905 3617298.118248048),478692.0786,3617298.118
494,10002397,32.69318975,-117.227318,-35.218,17:27:04,POINT (478691.68351158116 3617297.447309061),478691.6835,3617297.447
495,10002398,32.69318446,-117.2273171,-35.123,17:27:05,POINT (478691.766621232 3617296.8607052527),478691.7666,3617296.861
496,10002399,32.6931779,-117.2273189,-35.209,17:27:06,POINT (478691.5963361953 3617296.133857232),478691.5963,3617296.134
497,10002400,32.69317188,-117.2273176,-35.098,17:27:07,POINT (478691.71676801756 3617295.466248982),478691.7168,3617295.466
498,10002401,32.69316483,-117.2273174,-35.15,17:27:08,POINT (478691.73384337686 3617294.684680723),478691.7338,3617294.685
499,10002402,32.69315925,-117.2273155,-35.109,17:27:09,POINT (478691.9106225984 3617294.065728323),478691.9106,3617294.066
500,10002403,32.69315279,-117.2273153,-35.102,17:27:10,POINT (478691.9278379259 3617293.3495645477),478691.9278,3617293.35
501,10002404,32.69314621,-117.2273127,-35.136,17:27:11,POINT (478692.16999682295 3617292.61961666),478692.17,3617292.62
502,10002405,32.69313993,-117.2273126,-35.158,17:27:12,POINT (478692.1778810319 3617291.923426859),478692.1779,3617291.923
503,10002406,32.69313388,-117.2273125,-35.168,17:27:13,POINT (478692.18581980135 3617291.25273372),478692.1858,3617291.253
504,10002407,32.69312682,-117.2273118,-35.204,17:27:14,POINT (478692.24976202054 3617290.469956605),478692.2498,3617290.47
505,10002408,32.69312001,-117.2273118,-35.161,17:27:15,POINT (478692.24814668694 3617289.715033688),478692.2481,3617289.715
506,10002409,32.69311357,-117.2273129,-35.169,17:27:16,POINT (478692.1435069003 3617289.0013478342),478692.1435,3617289.001
507,10002410,32.69310717,-117.2273145,-35.18,17:27:17,POINT (478691.99200739106 3617288.2921964955),478691.992,3617288.292
508,10002411,32.69310053,-117.2273148,-35.152,17:27:18,POINT (478691.9623108478 3617287.5561791314),478691.9623,3617287.556
509,10002412,32.6930939,-117.2273136,-35.199,17:27:19,POINT (478692.07322427083 3617286.8209693767),478692.0732,3617286.821
510,10002413,32.69308824,-117.2273129,-35.155,17:27:20,POINT (478692.13749859424 3617286.1933893375),478692.1375,3617286.193
511,10002414,32.69308202,-117.2273103,-35.116,17:27:21,POINT (478692.37974307605 3617285.5033492823),478692.3797,3617285.503
512,10002415,32.69307511,-117.2273075,-35.17,17:27:22,POINT (478692.64057161426 3617284.736779125),478692.6406,3617284.737
513,10002416,32.6930688,-117.2273067,-35.163,17:27:23,POINT (478692.7140656494 3617284.0371232443),478692.7141,3617284.037
514,10002417,32.69306218,-117.2273062,-35.165,17:27:24,POINT (478692.75936463923 3617283.3031624877),478692.7594,3617283.303
515,10002418,32.69305525,-117.2273053,-35.147,17:27:25,POINT (478692.8420854819 3617282.5347564155),478692.8421,3617282.535
516,10002419,32.69304868,-117.2273067,-35.207,17:27:26,POINT (478692.7092932988 3617281.80671959),478692.7093,3617281.807
517,10002420,32.69304174,-117.2273086,-35.271,17:27:27,POINT (478692.5295441042 3617281.0377667113),478692.5295,3617281.038
518,10002421,32.69303499,-117.2273101,-35.145,17:27:28,POINT (478692.387335337 3617280.2897960437),478692.3873,3617280.29
519,10002422,32.6930283,-117.2273094,-35.236,17:27:29,POINT (478692.45136541117 3617279.5480353106),478692.4514,3617279.548
520,10002423,32.69302289,-117.2273085,-35.151,17:27:30,POINT (478692.53444680135 3617278.9481289196),478692.5344,3617278.948
521,10002424,32.69301673,-117.2273075,-35.201,17:27:31,POINT (478692.62672415865 3617278.265061178),478692.6267,3617278.265
522,10002425,32.69301081,-117.2273053,-35.098,17:27:32,POINT (478692.8315446327 3617277.6083579087),478692.8315,3617277.608
523,10002426,32.6930041,-117.2273041,-35.243,17:27:33,POINT (478692.9424392629 3617276.86427977),478692.9424,3617276.864
524,10002427,32.6929982,-117.2273024,-35.112,17:27:34,POINT (478693.10039528535 3617276.209893917),478693.1004,3617276.21
525,10002428,32.69299127,-117.2272982,-35.173,17:27:35,POINT (478693.49245329434 3617275.4408258284),478693.4925,3617275.441
526,10002429,32.69298495,-117.2272946,-35.144,17:27:36,POINT (478693.82841293607 3617274.739499704),478693.8284,3617274.739
527,10002430,32.69297818,-117.2272917,-35.104,17:27:37,POINT (478694.0986489312 3617273.9884292423),478694.0986,3617273.988
528,10002431,32.69297117,-117.2272895,-35.12,17:27:38,POINT (478694.30321107403 3617273.210894002),478694.3032,3617273.211
529,10002432,32.69296443,-117.2272891,-35.107,17:27:39,POINT (478694.3391079229 3617272.4636507183),478694.3391,3617272.464
530,10002433,32.69295795,-117.2272898,-35.085,17:27:40,POINT (478694.27195404615 3617271.7454504147),478694.272,3617271.745
531,10002434,32.69295182,-117.2272917,-35.106,17:27:41,POINT (478694.09239691304 3617271.0662901057),478694.0924,3617271.066
532,10002435,32.69294541,-117.2272923,-35.114,17:27:42,POINT (478694.0346334676 3617270.3558295975),478694.0346,3617270.356
533,10002436,32.69293898,-117.2272949,-35.118,17:27:43,POINT (478693.78938814736 3617269.643553209),478693.7894,3617269.644
534,10002437,32.69293242,-117.2272987,-35.205,17:27:44,POINT (478693.43162567675 3617268.9171064044),478693.4316,3617268.917
535,10002438,32.69292605,-117.2273007,-35.112,17:27:45,POINT (478693.2426376542 3617268.211360965),478693.2426,3617268.211
536,10002439,32.69291963,-117.2273024,-35.207,17:27:46,POINT (478693.0817593226 3617267.50001259),478693.0818,3617267.5
537,10002440,32.69291399,-117.2272996,-35.108,17:27:47,POINT (478693.34288962325 3617266.8742283857),478693.3429,3617266.874
538,10002441,32.69290794,-117.227297,-35.08,17:27:48,POINT (478693.585174996 3617266.203033741),478693.5852,3617266.203
539,10002442,32.69290215,-117.2272921,-35.126,17:27:49,POINT (478694.0431208447 3617265.560200016),478694.0431,3617265.56
540,10002443,32.69289615,-117.2272909,-35.135,17:27:50,POINT (478694.154184105 3617264.894828991),478694.1542,3617264.895
541,10002444,32.69288951,-117.2272872,-35.118,17:27:51,POINT (478694.4994421201 3617264.1580092255),478694.4994,3617264.158
542,10002445,32.69288314,-117.2272849,-35.207,17:27:52,POINT (478694.71353015606 3617263.4514011755),478694.7135,3617263.451
543,10002446,32.69287721,-117.2272856,-35.229,17:27:53,POINT (478694.6465066975 3617262.7941711545),478694.6465,3617262.794
544,10002447,32.69287063,-117.2272849,-35.254,17:27:54,POINT (478694.7105631548 3617262.064604512),478694.7106,3617262.065
545,10002448,32.6928644,-117.2272862,-35.258,17:27:55,POINT (478694.5872253518 3617261.3742383397),478694.5872,3617261.374
546,10002449,32.69285808,-117.2272886,-35.264,17:27:56,POINT (478694.3607536748 3617260.6741158785),478694.3608,3617260.674
547,10002450,32.69285156,-117.2272905,-35.229,17:27:57,POINT (478694.18110385654 3617259.9517221097),478694.1811,3617259.952
548,10002451,32.69284499,-117.2272895,-35.145,17:27:58,POINT (478694.2732842693 3617259.223203834),478694.2733,3617259.223
549,10002452,32.69283836,-117.2272868,-35.272,17:27:59,POINT (478694.5248062013 3617258.4876932334),478694.5248,3617258.488
550,10002453,32.69283245,-117.2272835,-35.112,17:28:00,POINT (478694.83274213574 3617257.831877914),478694.8327,3617257.832
551,10002454,32.69282635,-117.2272805,-35.222,17:28:01,POINT (478695.1125114446 3617257.155060324),478695.1125,3617257.155
552,10002455,32.69282023,-117.2272781,-35.147,17:28:02,POINT (478695.336032838 3617256.4761459995),478695.336,3617256.476
553,10002456,32.6928138,-117.2272753,-35.156,17:28:03,POINT (478695.59697622136 3617255.762786378),478695.597,3617255.763
554,10002457,32.69280726,-117.2272765,-35.186,17:28:04,POINT (478695.4829387546 3617255.0380350766),478695.4829,3617255.038
555,10002458,32.69280093,-117.2272757,-35.149,17:28:05,POINT (478695.5564284882 3617254.336162149),478695.5564,3617254.336
556,10002459,32.69279533,-117.2272759,-35.255,17:28:06,POINT (478695.5363526494 3617253.7154140016),478695.5364,3617253.715
557,10002460,32.69278993,-117.2272761,-35.255,17:28:07,POINT (478695.51632423745 3617253.116836863),478695.5163,3617253.117
558,10002461,32.6927838,-117.2272755,-35.318,17:28:08,POINT (478695.57111367566 3617252.4371750657),478695.5711,3617252.437
559,10002462,32.69277734,-117.2272735,-35.247,17:28:09,POINT (478695.7570590853 3617251.7206502766),478695.7571,3617251.721
560,10002463,32.69277044,-117.2272676,-35.233,17:28:10,POINT (478696.3084812519 3617250.9545669807),478696.3085,3617250.955
561,10002464,32.69276408,-117.2272656,-35.308,17:28:11,POINT (478696.49445045786 3617250.2491277135),478696.4945,3617250.249
562,10002465,32.69275904,-117.2272634,-35.212,17:28:12,POINT (478696.6994804726 3617249.6899769926),478696.6995,3617249.69
563,10002466,32.69275403,-117.2272606,-35.194,17:28:13,POINT (478696.9607608808 3617249.134031584),478696.9608,3617249.134
564,10002467,32.69274914,-117.2272577,-35.18,17:28:14,POINT (478697.2314436496 3617248.5913687283),478697.2314,3617248.591
565,10002468,32.69274334,-117.2272581,-35.227,17:28:15,POINT (478697.1925727243 3617247.9484896883),478697.1926,3617247.948
566,10002469,32.69273759,-117.2272575,-35.13,17:28:16,POINT (478697.24745242344 3617247.310952825),478697.2475,3617247.311
567,10002470,32.69273235,-117.2272566,-35.219,17:28:17,POINT (478697.3305747026 3617246.7298918627),478697.3306,3617246.73
568,10002471,32.69272718,-117.227259,-35.232,17:28:18,POINT (478697.1043756111 3617246.1572526563),478697.1044,3617246.157
569,10002472,32.69272135,-117.2272598,-35.226,17:28:19,POINT (478697.028002039 3617245.511128198),478697.028,3617245.511
570,10002473,32.69271509,-117.2272566,-35.241,17:28:20,POINT (478697.32648166857 3617244.8165337625),478697.3265,3617244.817
571,10002474,32.69270944,-117.2272556,-35.321,17:28:21,POINT (478697.41888063157 3617244.1900021774),478697.4189,3617244.19
572,10002475,32.69270354,-117.2272571,-35.37,17:28:22,POINT (478697.2768732995 3617243.5362582686),478697.2769,3617243.536
573,10002476,32.69269689,-117.2272517,-35.195,17:28:23,POINT (478697.7814859183 3617242.7979891165),478697.7815,3617242.798
574,10002477,32.69269079,-117.2272476,-35.239,17:28:24,POINT (478698.1643685654 3617242.1209510034),478698.1644,3617242.121
575,10002478,32.6926845,-117.2272482,-35.319,17:28:25,POINT (478698.106633718 3617241.423793106),478698.1066,3617241.424
576,10002479,32.69267757,-117.2272457,-35.072,17:28:26,POINT (478698.33933748916 3617240.655066224),478698.3393,3617240.655
577,10002480,32.69267079,-117.2272425,-35.264,17:28:27,POINT (478698.63769405364 3617239.9028272103),478698.6377,3617239.903
578,10002481,32.69266523,-117.2272467,-35.334,17:28:28,POINT (478698.24267248047 3617239.2873155316),478698.2427,3617239.287
579,10002482,32.6926584,-117.2272463,-35.098,17:28:29,POINT (478698.2785484272 3617238.530095345),478698.2785,3617238.53
580,10002483,32.69265205,-117.2272447,-35.261,17:28:30,POINT (478698.42702483933 3617237.825844904),478698.427,3617237.826
581,10002484,32.69264711,-117.2272476,-35.27,17:28:31,POINT (478698.15401071735 3617237.278802625),478698.154,3617237.279
582,10002485,32.69264167,-117.2272467,-35.13,17:28:32,POINT (478698.2370857162 3617236.67557067),478698.2371,3617236.676
583,10002486,32.69263692,-117.2272448,-35.277,17:28:33,POINT (478698.41406322346 3617236.1486281324),478698.4141,3617236.149
584,10002487,32.6926332,-117.2272473,-35.27,17:28:34,POINT (478698.17883390415 3617235.7367487806),478698.1788,3617235.737
585,10002488,32.69262741,-117.2272428,-35.174,17:28:35,POINT (478698.59928591806 3617235.09399553),478698.5993,3617235.094
586,10002489,32.69262186,-117.2272439,-35.317,17:28:36,POINT (478698.4948570928 3617234.4789706534),478698.4949,3617234.479
587,10002490,32.69261755,-117.2272478,-35.319,17:28:37,POINT (478698.12825337815 3617234.001967618),478698.1283,3617234.002
588,10002491,32.69261271,-117.2272463,-35.155,17:28:38,POINT (478698.26771402324 3617233.465128353),478698.2677,3617233.465
589,10002492,32.69260784,-117.2272475,-35.349,17:28:39,POINT (478698.1540725175 3617232.9255049666),478698.1541,3617232.926
590,10002493,32.69260631,-117.2272521,-35.296,17:28:40,POINT (478697.72251072404 3617232.756819368),478697.7225,3617232.757
591,10002494,32.69260476,-117.2272486,-35.172,17:28:41,POINT (478698.0502293555 3617232.5842920565),478698.0502,3617232.584
592,10002495,32.69260534,-117.2272491,-35.295,17:28:42,POINT (478698.0034974383 3617232.6486882656),478698.0035,3617232.649
593,10002496,32.69260527,-117.22725,-35.066,17:28:43,POINT (478697.91911581863 3617232.641108924),478697.9191,3617232.641
594,10002497,32.6926045,-117.2272442,-35.195,17:28:44,POINT (478698.46261891385 3617232.554587253),478698.4626,3617232.555
595,10002498,32.6926044,-117.2272436,-35.259,17:28:45,POINT (478698.51883854764 3617232.54338141),478698.5188,3617232.543
596,10002499,32.69260199,-117.2272393,-35.112,17:28:46,POINT (478698.9213444059 3617232.2753583384),478698.9213,3617232.275
597,10002500,32.69260029,-117.2272383,-35.271,17:28:47,POINT (478699.014680216 3617232.086704203),478699.0147,3617232.087
598,10002501,32.69260177,-117.2272399,-35.226,17:28:48,POINT (478698.86504888756 3617232.2510905657),478698.865,3617232.251
599,10002502,32.69260155,-117.2272376,-35.173,17:28:49,POINT (478699.0805962277 3617232.2262411686),478699.0806,3617232.226
600,10002503,32.69260228,-117.22724,-35.296,17:28:50,POINT (478698.8557959313 3617232.3076466937),478698.8558,3617232.308
601,10002504,32.69260413,-117.227245,-35.29,17:28:51,POINT (478698.3875400466 3617232.513731338),478698.3875,3617232.514
602,10002505,32.69260377,-117.2272439,-35.296,17:28:52,POINT (478698.49056748283 3617232.4736029003),478698.4906,3617232.474
603,10002506,32.69260448,-117.2272484,-35.372,17:28:53,POINT (478698.06891074433 3617232.553212529),478698.0689,3617232.553
604,10002507,32.69260487,-117.2272475,-35.184,17:28:54,POINT (478698.15336824255 3617232.5962654855),478698.1534,3617232.596
605,10002508,32.69260476,-117.2272457,-35.305,17:28:55,POINT (478698.32207219984 3617232.5837104116),478698.3221,3617232.584
606,10002509,32.69260433,-117.227242,-35.197,17:28:56,POINT (478698.66880420665 3617232.5353006567),478698.6688,3617232.535
607,10002510,32.69260371,-117.2272365,-35.243,17:28:57,POINT (478699.18422120536 3617232.4654674497),478699.1842,3617232.465
608,10002511,32.69260354,-117.2272347,-35.236,17:28:58,POINT (478699.3529109393 3617232.4462610898),478699.3529,3617232.446
609,10002512,32.69260307,-117.2272316,-35.211,17:28:59,POINT (478699.6433901268 3617232.3935374995),478699.6434,3617232.394
610,10002513,32.69260298,-117.227234,-35.276,17:29:00,POINT (478699.41839539557 3617232.384041876),478699.4184,3617232.384
611,10002514,32.69260216,-117.2272358,-35.172,17:29:01,POINT (478699.24947091425 3617232.2935017413),478699.2495,3617232.294
612,10002515,32.69260252,-117.2272374,-35.294,17:29:02,POINT (478699.0995740135 3617232.3337304485),478699.0996,3617232.334
613,10002516,32.6926021,-117.2272378,-35.272,17:29:03,POINT (478699.0619788576 3617232.287251555),478699.062,3617232.287
614,10002517,32.69260198,-117.2272391,-35.285,17:29:04,POINT (478698.94008981605 3617232.274209676),478698.9401,3617232.274
615,10002518,32.69260237,-117.2272405,-35.321,17:29:05,POINT (478698.80894781346 3617232.3177239276),478698.8089,3617232.318
616,10002519,32.69260139,-117.2272384,-35.22,17:29:06,POINT (478699.00556715624 3617232.2086648075),478699.0056,3617232.209
617,10002520,32.6926027,-117.2272404,-35.459,17:29:07,POINT (478698.81839995616 3617232.354286036),478698.8184,3617232.354
618,10002521,32.69260111,-117.2272377,-35.149,17:29:08,POINT (478699.07111800194 3617232.1774850036),478699.0711,3617232.177
619,10002522,32.69260132,-117.2272379,-35.388,17:29:09,POINT (478699.05242001475 3617232.200804676),478699.0524,3617232.201
620,10002523,32.69260007,-117.2272368,-35.216,17:29:10,POINT (478699.15523642115 3617232.0620152554),478699.1552,3617232.062
621,10002524,32.69260017,-117.2272401,-35.346,17:29:11,POINT (478698.84592171106 3617232.0737626054),478698.8459,3617232.074
622,10002525,32.69260051,-117.227246,-35.247,17:29:12,POINT (478698.29294273147 3617232.112636644),478698.2929,3617232.113
623,10002526,32.69260088,-117.2272497,-35.359,17:29:13,POINT (478697.9461964816 3617232.1543951104),478697.9462,3617232.154
624,10002527,32.69260163,-117.2272553,-35.355,17:29:14,POINT (478697.42143641104 3617232.238659594),478697.4214,3617232.239
625,10002528,32.69260267,-117.2272575,-35.314,17:29:15,POINT (478697.2154574242 3617232.3543901034),478697.2155,3617232.354
626,10002529,32.6926041,-117.2272611,-35.332,17:29:16,POINT (478696.87833645026 3617232.513634897),478696.8783,3617232.514
627,10002530,32.69260567,-117.2272631,-35.345,17:29:17,POINT (478696.6912309462 3617232.6880784757),478696.6912,3617232.688
628,10002531,32.69260605,-117.2272622,-35.286,17:29:18,POINT (478696.7756860815 3617232.7300228705),478696.7757,3617232.73
629,10002532,32.69260684,-117.2272643,-35.374,17:29:19,POINT (478696.57902171713 3617232.8180195764),478696.579,3617232.818
630,10002533,32.69260735,-117.2272648,-35.297,17:29:20,POINT (478696.5322732068 3617232.8746559396),478696.5323,3617232.875
631,10002534,32.69260768,-117.227267,-35.404,17:29:21,POINT (478696.32612586825 3617232.9116793866),478696.3261,3617232.912
632,10002535,32.69260854,-117.2272676,-35.505,17:29:22,POINT (478696.270086473 3617233.0071350774),478696.2701,3617233.007
633,10002536,32.69260889,-117.2272662,-35.444,17:29:23,POINT (478696.40140394337 3617233.045653525),478696.4014,3617233.046
634,10002537,32.6926103,-117.2272682,-35.535,17:29:24,POINT (478696.2142605141 3617233.2023603055),478696.2143,3617233.202
635,10002538,32.69261102,-117.2272682,-35.567,17:29:25,POINT (478696.2144312628 3617233.282175937),478696.2144,3617233.282
636,10002539,32.69261192,-117.2272703,-35.563,17:29:26,POINT (478696.01779300196 3617233.382366708),478696.0178,3617233.382
637,10002540,32.69261158,-117.227269,-35.487,17:29:27,POINT (478696.1395729457 3617233.3444152316),478696.1396,3617233.344
638,10002541,32.69261209,-117.2272707,-35.571,17:29:28,POINT (478695.98033775535 3617233.401292301),478695.9803,3617233.401
639,10002542,32.69261201,-117.2272702,-35.558,17:29:29,POINT (478696.02718823566 3617233.3923236043),478696.0272,3617233.392
640,10002543,32.69261221,-117.2272705,-35.597,17:29:30,POINT (478695.9991139962 3617233.4145547897),478695.9991,3617233.415
641,10002544,32.69261221,-117.2272703,-35.558,17:29:31,POINT (478696.01786177664 3617233.414514672),478696.0179,3617233.415
642,10002545,32.6926116,-117.2272713,-35.59,17:29:32,POINT (478695.9239782089 3617233.3470936827),478695.924,3617233.347
643,10002546,32.69261121,-117.2272696,-35.611,17:29:33,POINT (478696.0832418553 3617233.3035192173),478696.0832,3617233.304
644,10002547,32.69261137,-117.2272704,-35.609,17:29:34,POINT (478696.00828867685 3617233.3214164935),478696.0083,3617233.321
645,10002548,32.69261135,-117.2272702,-35.644,17:29:35,POINT (478696.02703171445 3617233.319159275),478696.027,3617233.319
646,10002549,32.69261178,-117.2272702,-35.661,17:29:36,POINT (478696.02713369 3617233.366826944),478696.0271,3617233.367
647,10002550,32.69261158,-117.2272694,-35.666,17:29:37,POINT (478696.10207738465 3617233.3444954646),478696.1021,3617233.344
648,10002551,32.69261069,-117.2272704,-35.702,17:29:38,POINT (478696.0081274125 3617233.246035063),478696.0081,3617233.246
649,10002552,32.69260985,-117.2272705,-35.649,17:29:39,POINT (478695.9985543125 3617233.1529368847),478695.9986,3617233.153
650,10002553,32.69260954,-117.2272717,-35.66,17:29:40,POINT (478695.885994109 3617233.118812527),478695.886,3617233.119
651,10002554,32.69260866,-117.2272701,-35.637,17:29:41,POINT (478696.0357676627 3617233.020939146),478696.0358,3617233.021
652,10002555,32.69260682,-117.2272699,-35.522,17:29:42,POINT (478696.05407908175 3617232.816925749),478696.0541,3617232.817
653,10002556,32.69260581,-117.227271,-35.504,17:29:43,POINT (478695.9507267565 3617232.7051828),478695.9507,3617232.705
654,10002557,32.69260514,-117.2272706,-35.541,17:29:44,POINT (478695.9880634282 3617232.6308296854),478695.9881,3617232.631
655,10002558,32.69260531,-117.2272701,-35.525,17:29:45,POINT (478696.0349731983 3617232.649574749),478696.035,3617232.65
656,10002559,32.69260913,-117.2272712,-35.542,17:29:46,POINT (478695.93276632717 3617233.073261664),478695.9328,3617233.073
657,10002560,32.69261385,-117.2272721,-35.554,17:29:47,POINT (478695.84952068655 3617233.5966780046),478695.8495,3617233.597
658,10002561,32.69261754,-117.2272733,-35.557,17:29:48,POINT (478695.73790911154 3617234.0059738248),478695.7379,3617234.006
659,10002562,32.69262098,-117.2272723,-35.577,17:29:49,POINT (478695.8324638228 3617234.3871145886),478695.8325,3617234.387
660,10002563,32.69262296,-117.2272712,-35.546,17:29:50,POINT (478695.93604617205 3617234.6063869298),478695.936,3617234.606
661,10002564,32.69262695,-117.2272689,-35.589,17:29:51,POINT (478696.1525918625 3617235.048237206),478696.1526,3617235.048
662,10002565,32.69263092,-117.2272672,-35.557,17:29:52,POINT (478696.31288945896 3617235.4879907393),478696.3129,3617235.488
663,10002566,32.69263471,-117.2272648,-35.586,17:29:53,POINT (478696.5387615691 3617235.907649958),478696.5388,3617235.908
664,10002567,32.69263897,-117.2272657,-35.58,17:29:54,POINT (478696.455406835 3617236.3800729723),478696.4554,3617236.38
665,10002568,32.69264265,-117.2272624,-35.547,17:29:55,POINT (478696.7656178167 3617236.7873576186),478696.7656,3617236.787
666,10002569,32.69264485,-117.2272584,-35.494,17:29:56,POINT (478697.14109501464 3617237.0304364013),478697.1411,3617237.03
667,10002570,32.69264704,-117.2272542,-35.556,17:29:57,POINT (478697.5353175948 3617237.272366535),478697.5353,3617237.272
668,10002571,32.69264838,-117.2272514,-35.49,17:29:58,POINT (478697.7981041851 3617237.4203506936),478697.7981,3617237.42
669,10002572,32.69265085,-117.2272483,-35.466,17:29:59,POINT (478698.08928038 3617237.693540889),478698.0893,3617237.694
670,10002573,32.69265304,-117.2272472,-35.503,17:30:00,POINT (478698.1929124456 3617237.9360928144),478698.1929,3617237.936
671,10002574,32.69265454,-117.2272482,-35.357,17:30:01,POINT (478698.09952927683 3617238.1025759485),478698.0995,3617238.103
672,10002575,32.69265703,-117.2272512,-35.331,17:30:02,POINT (478697.81890316366 3617238.379206719),478697.8189,3617238.379
673,10002576,32.69265932,-117.2272555,-35.409,17:30:03,POINT (478697.4163691273 3617238.6339272335),478697.4164,3617238.634
674,10002577,32.69266025,-117.2272595,-35.43,17:30:04,POINT (478697.04163425416 3617238.737824732),478697.0416,3617238.738
675,10002578,32.69266174,-117.2272652,-35.43,17:30:05,POINT (478696.50767613976 3617238.9041420575),478696.5077,3617238.904
676,10002579,32.69266269,-117.2272691,-35.387,17:30:06,POINT (478696.1423199152 3617239.0102366293),478696.1423,3617239.01
677,10002580,32.69266436,-117.2272742,-35.392,17:30:07,POINT (478695.66464783135 3617239.196387559),478695.6646,3617239.196
678,10002581,32.6926669,-117.2272783,-35.4,17:30:08,POINT (478695.28092094033 3617239.4787818044),478695.2809,3617239.479
679,10002582,32.69266945,-117.2272806,-35.345,17:30:09,POINT (478695.0659263623 3617239.7619235395),478695.0659,3617239.762
680,10002583,32.69267197,-117.2272817,-35.408,17:30:10,POINT (478694.96341129276 3617240.0414989116),478694.9634,3617240.041
681,10002584,32.69267359,-117.2272816,-35.389,17:30:11,POINT (478694.9731693852 3617240.221064025),478694.9732,3617240.221
682,10002585,32.69267541,-117.2272809,-35.354,17:30:12,POINT (478695.0392182138 3617240.4226797908),478695.0392,3617240.423
683,10002586,32.69267649,-117.2272807,-35.404,17:30:13,POINT (478695.0582221198 3617240.542363119),478695.0582,3617240.542
684,10002587,32.69267583,-117.2272809,-35.371,17:30:14,POINT (478695.03931782395 3617240.4692389085),478695.0393,3617240.469
685,10002588,32.69267608,-117.2272809,-35.367,17:30:15,POINT (478695.0393771155 3617240.49695267),478695.0394,3617240.497
686,10002589,32.6926761,-117.2272818,-35.378,17:30:16,POINT (478694.95501690335 3617240.499350309),478694.955,3617240.499
687,10002590,32.69267571,-117.2272817,-35.373,17:30:17,POINT (478694.96429829363 3617240.4560967823),478694.9643,3617240.456
688,10002591,32.69267567,-117.2272821,-35.397,17:30:18,POINT (478694.92679327284 3617240.4517428176),478694.9268,3617240.452
689,10002592,32.69267554,-117.2272823,-35.442,17:30:19,POINT (478694.90801467333 3617240.437371782),478694.908,3617240.437
690,10002593,32.69267563,-117.2272824,-35.431,17:30:20,POINT (478694.89866213204 3617240.447368796),478694.8987,3617240.447
691,10002594,32.69267557,-117.2272831,-35.492,17:30:21,POINT (478694.8330307183 3617240.4408579124),478694.833,3617240.441
692,10002595,32.6926754,-117.2272836,-35.458,17:30:22,POINT (478694.7861209801 3617240.4221128537),478694.7861,3617240.422
693,10002596,32.69267422,-117.2272825,-35.473,17:30:23,POINT (478694.8889538438 3617240.291083242),478694.889,3617240.291
694,10002597,32.69267283,-117.2272833,-35.412,17:30:24,POINT (478694.81363311264 3617240.1371552073),478694.8136,3617240.137
695,10002598,32.69267243,-117.2272826,-35.423,17:30:25,POINT (478694.87915543333 3617240.092672769),478694.8792,3617240.093
696,10002599,32.69267168,-117.2272843,-35.402,17:30:26,POINT (478694.71962152835 3617240.0098725045),478694.7196,3617240.01
697,10002600,32.69266828,-117.2272841,-35.371,17:30:27,POINT (478694.7375629222 3617239.63292523),478694.7376,3617239.633
698,10002601,32.69266362,-117.227285,-35.398,17:30:28,POINT (478694.65209275595 3617239.1165212593),478694.6521,3617239.117
699,10002602,32.69265812,-117.2272841,-35.325,17:30:29,POINT (478694.7351532939 3617238.506637969),478694.7352,3617238.507
700,10002603,32.69265295,-117.2272836,-35.365,17:30:30,POINT (478694.7807965638 3617237.933417087),478694.7808,3617237.933
701,10002604,32.69264832,-117.2272828,-35.461,17:30:31,POINT (478694.8546895704 3617237.4199977475),478694.8547,3617237.42
702,10002605,32.692644,-117.2272823,-35.432,17:30:32,POINT (478694.9005344469 3617236.9410036546),478694.9005,3617236.941
703,10002606,32.69263968,-117.2272824,-35.461,17:30:33,POINT (478694.89013599925 3617236.4621299203),478694.8901,3617236.462
704,10002607,32.69263417,-117.2272819,-35.459,17:30:34,POINT (478694.9356986534 3617235.8512183246),478694.9357,3617235.851
705,10002608,32.69262884,-117.2272821,-35.472,17:30:35,POINT (478694.91568678454 3617235.2604010548),478694.9157,3617235.26
706,10002609,32.69262428,-117.2272821,-35.504,17:30:36,POINT (478694.9146053078 3617234.754902051),478694.9146,3617234.755
707,10002610,32.69261975,-117.2272823,-35.509,17:30:37,POINT (478694.89478316606 3617234.2527688188),478694.8948,3617234.253
708,10002611,32.69261488,-117.2272834,-35.482,17:30:38,POINT (478694.79051537666 3617233.7131254105),478694.7905,3617233.713
709,10002612,32.6926099,-117.2272835,-35.431,17:30:39,POINT (478694.77996039385 3617233.1610873495),478694.78,3617233.161
710,10002613,32.69260486,-117.227283,-35.504,17:30:40,POINT (478694.82563452615 3617232.602277626),478694.8256,3617232.602
711,10002614,32.69259981,-117.2272839,-35.458,17:30:41,POINT (478694.74007180764 3617232.042640191),478694.7401,3617232.043
712,10002615,32.6925949,-117.227285,-35.5,17:30:42,POINT (478694.6357945036 3617231.498562586),478694.6358,3617231.499
713,10002616,32.69259015,-117.2272861,-35.495,17:30:43,POINT (478694.53155513026 3617230.9722217857),478694.5316,3617230.972
714,10002617,32.69258653,-117.2272868,-35.476,17:30:44,POINT (478694.4650793252 3617230.571066947),478694.4651,3617230.571
715,10002618,32.69258296,-117.2272868,-35.423,17:30:45,POINT (478694.46423262614 3617230.1753144413),478694.4642,3617230.175
716,10002619,32.69258038,-117.2272855,-35.41,17:30:46,POINT (478694.5854813431 3617229.889047647),478694.5855,3617229.889
717,10002620,32.69257788,-117.2272833,-35.473,17:30:47,POINT (478694.79111408803 3617229.6114687184),478694.7911,3617229.611
718,10002621,32.69257615,-117.227279,-35.443,17:30:48,POINT (478695.19378123665 3617229.4188269256),478695.1938,3617229.419
719,10002622,32.69257493,-117.227272,-35.419,17:30:49,POINT (478695.849664495 3617229.2821796294),478695.8497,3617229.282
720,10002623,32.69257434,-117.2272655,-35.449,17:30:50,POINT (478696.4588277034 3617229.215471346),478696.4588,3617229.215
721,10002624,32.69257294,-117.2272619,-35.424,17:30:51,POINT (478696.795955896 3617229.05955219),478696.796,3617229.06
722,10002625,32.69257188,-117.2272619,-35.472,17:30:52,POINT (478696.79570452194 3617228.9420458456),478696.7957,3617228.942
723,10002626,32.69257172,-117.2272638,-35.445,17:30:53,POINT (478696.6175625816 3617228.9246901413),478696.6176,3617228.925
724,10002627,32.69257201,-117.2272652,-35.413,17:30:54,POINT (478696.4863968302 3617228.9571189196),478696.4864,3617228.957
725,10002628,32.69257157,-117.227267,-35.476,17:30:55,POINT (478696.3175623842 3617228.9087037495),478696.3176,3617228.909
726,10002629,32.69257048,-117.22727,-35.484,17:30:56,POINT (478696.0360870495 3617228.788473509),478696.0361,3617228.788
727,10002630,32.69256812,-117.2272736,-35.562,17:30:57,POINT (478695.6980671497 3617228.5275777243),478695.6981,3617228.528
728,10002631,32.69256839,-117.2272724,-35.569,17:30:58,POINT (478695.810617922 3617228.5572678796),478695.8106,3617228.557
729,10002632,32.69256778,-117.227267,-35.529,17:30:59,POINT (478696.3166635872 3617228.488563135),478696.3167,3617228.489
730,10002633,32.69256829,-117.227264,-35.556,17:31:00,POINT (478696.5980013791 3617228.544497458),478696.598,3617228.544
731,10002634,32.69256771,-117.2272639,-35.522,17:31:01,POINT (478696.6072377298 3617228.4801814742),478696.6072,3617228.48
732,10002635,32.69256806,-117.2272621,-35.462,17:31:02,POINT (478696.7760508425 3617228.5186196943),478696.7761,3617228.519
733,10002636,32.69256878,-117.2272613,-35.458,17:31:03,POINT (478696.85121274437 3617228.598274862),478696.8512,3617228.598
734,10002637,32.69256906,-117.2272615,-35.521,17:31:04,POINT (478696.83253135416 3617228.62935439),478696.8325,3617228.629
735,10002638,32.69256861,-117.2272641,-35.508,17:31:05,POINT (478696.5887033713 3617228.579991131),478696.5887,3617228.58
736,10002639,32.69256816,-117.2272655,-35.464,17:31:06,POINT (478696.4573621284 3617228.5303871767),478696.4574,3617228.53
737,10002640,32.69256811,-117.2272667,-35.535,17:31:07,POINT (478696.34486352984 3617228.5250851233),478696.3449,3617228.525
738,10002641,32.69256805,-117.2272688,-35.533,17:31:08,POINT (478696.1479975063 3617228.5188550493),478696.148,3617228.519
739,10002642,32.69256783,-117.2272689,-35.539,17:31:09,POINT (478696.13857143774 3617228.4944869997),478696.1386,3617228.494
740,10002643,32.6925679,-117.2272685,-35.607,17:31:10,POINT (478696.176083621 3617228.5021666177),478696.1761,3617228.502
741,10002644,32.69256748,-117.2272662,-35.512,17:31:11,POINT (478696.39158359997 3617228.4551461544),478696.3916,3617228.455
742,10002645,32.69256802,-117.227262,-35.52,17:31:12,POINT (478696.7854152505 3617228.514165435),478696.7854,3617228.514
743,10002646,32.69256976,-117.2272605,-35.516,17:31:13,POINT (478696.9264363036 3617228.706752342),478696.9264,3617228.707
744,10002647,32.69256989,-117.2272604,-35.506,17:31:14,POINT (478696.93584102637 3617228.721143441),478696.9358,3617228.721
745,10002648,32.69257102,-117.2272602,-35.466,17:31:15,POINT (478696.9548567863 3617228.846369524),478696.9549,3617228.846
746,10002649,32.69257242,-117.2272606,-35.464,17:31:16,POINT (478696.91769320826 3617229.0016468153),478696.9177,3617229.002
747,10002650,32.69257398,-117.2272621,-35.463,17:31:17,POINT (478696.77745473885 3617229.174881553),478696.7775,3617229.175
748,10002651,32.69257645,-117.227264,-35.513,17:31:18,POINT (478696.59993649716 3617229.449074615),478696.5999,3617229.449
749,10002652,32.69257868,-117.2272665,-35.53,17:31:19,POINT (478696.36611798825 3617229.696782818),478696.3661,3617229.697
750,10002653,32.69258056,-117.2272686,-35.522,17:31:20,POINT (478696.16971206194 3617229.905611529),478696.1697,3617229.906
751,10002654,32.69258242,-117.2272706,-35.617,17:31:21,POINT (478695.9826752954 3617230.112203084),478695.9827,3617230.112
752,10002655,32.6925837,-117.2272729,-35.609,17:31:22,POINT (478695.7673793053 3617230.254558893),478695.7674,3617230.255
753,10002656,32.69258446,-117.2272729,-35.583,17:31:23,POINT (478695.76755954354 3617230.338808727),478695.7676,3617230.339
754,10002657,32.69258627,-117.2272719,-35.564,17:31:24,POINT (478695.8617277245 3617230.539255768),478695.8617,3617230.539
755,10002658,32.69258758,-117.2272688,-35.501,17:31:25,POINT (478696.15262908087 3617230.6838540547),478696.1526,3617230.684
756,10002659,32.69259014,-117.2272665,-35.57,17:31:26,POINT (478696.368835721 3617230.9671816225),478696.3688,3617230.967
757,10002660,32.69259268,-117.2272656,-35.558,17:31:27,POINT (478696.45380311215 3617231.248572909),478696.4538,3617231.249
758,10002661,32.69259499,-117.2272634,-35.535,17:31:28,POINT (478696.6605765515 3617231.5042067794),478696.6606,3617231.504
759,10002662,32.69259747,-117.2272622,-35.48,17:31:29,POINT (478696.7736513779 3617231.7788865915),478696.7737,3617231.779
760,10002663,32.69260003,-117.227262,-35.527,17:31:30,POINT (478696.79300625215 3617232.0626353887),478696.793,3617232.063
761,10002664,32.69260224,-117.2272639,-35.533,17:31:31,POINT (478696.6154264028 3617232.308006141),478696.6154,3617232.308
762,10002665,32.69260345,-117.2272628,-35.513,17:31:32,POINT (478696.71882615535 3617232.4419201026),478696.7188,3617232.442
763,10002666,32.69260453,-117.2272623,-35.512,17:31:33,POINT (478696.76595172734 3617232.5615432616),478696.766,3617232.562
764,10002667,32.69260708,-117.2272609,-35.512,17:31:34,POINT (478696.8977909215 3617232.8439428126),478696.8978,3617232.844
765,10002668,32.69261041,-117.2272586,-35.54,17:31:35,POINT (478697.11418009346 3617233.2126287804),478697.1142,3617233.213
766,10002669,32.69261328,-117.2272572,-35.561,17:31:36,POINT (478697.2460951504 3617233.5305019515),478697.2461,3617233.531
767,10002670,32.69261663,-117.2272562,-35.556,17:31:37,POINT (478697.3406284696 3617233.9016657756),478697.3406,3617233.902
768,10002671,32.69261933,-117.2272561,-35.56,17:31:38,POINT (478697.35064263234 3617234.2009543367),478697.3506,3617234.201
769,10002672,32.69262256,-117.2272563,-35.545,17:31:39,POINT (478697.3326608135 3617234.559056246),478697.3327,3617234.559
770,10002673,32.69262702,-117.2272545,-35.508,17:31:40,POINT (478697.5024484495 3617235.053108711),478697.5024,3617235.053
771,10002674,32.69263133,-117.2272524,-35.504,17:31:41,POINT (478697.700322166 3617235.5304727494),478697.7003,3617235.53
772,10002675,32.69263524,-117.2272507,-35.457,17:31:42,POINT (478697.86060545855 3617235.963575006),478697.8606,3617235.964
773,10002676,32.69263937,-117.2272489,-35.492,17:31:43,POINT (478698.030314794 3617236.4210453164),478698.0303,3617236.421
774,10002677,32.69264399,-117.2272485,-35.495,17:31:44,POINT (478698.0689058881 3617236.9331153966),478698.0689,3617236.933
775,10002678,32.69264824,-117.2272487,-35.525,17:31:45,POINT (478698.0511659218 3617237.4042894496),478698.0512,3617237.404
776,10002679,32.6926526,-117.2272486,-35.466,17:31:46,POINT (478698.0615737017 3617237.8875973895),478698.0616,3617237.888
777,10002680,32.69265794,-117.2272473,-35.478,17:31:47,POINT (478698.1847004931 3617238.479302591),478698.1847,3617238.479
778,10002681,32.69266293,-117.2272488,-35.509,17:31:49,POINT (478698.04527549574 3617239.032770118),478698.0453,3617239.033
779,10002682,32.69266755,-117.2272513,-35.529,17:31:49,POINT (478697.8120239286 3617239.545421852),478697.812,3617239.545
780,10002683,32.69267232,-117.2272534,-35.523,17:31:50,POINT (478697.61630349257 3617240.0746216187),478697.6163,3617240.075
781,10002684,32.69267779,-117.2272562,-35.537,17:31:51,POINT (478697.3551318921 3617240.681560323),478697.3551,3617240.682
782,10002685,32.69268362,-117.2272578,-35.524,17:31:52,POINT (478697.20653228415 3617241.32816616),478697.2065,3617241.328
783,10002686,32.69268909,-117.2272587,-35.476,17:31:53,POINT (478697.12346450705 3617241.934723781),478697.1235,3617241.935
784,10002687,32.69269497,-117.2272571,-35.492,17:31:54,POINT (478697.2748410087 3617242.5862305257),478697.2748,3617242.586
785,10002688,32.69270045,-117.227257,-35.459,17:31:55,POINT (478697.2855144187 3617243.1936961184),478697.2855,3617243.194
786,10002689,32.69270501,-117.2272572,-35.409,17:31:56,POINT (478697.26784801704 3617243.6992352433),478697.2678,3617243.699
787,10002690,32.69270986,-117.2272567,-35.466,17:31:57,POINT (478697.3158675472 3617244.2367819306),478697.3159,3617244.237
788,10002691,32.69271459,-117.2272578,-35.5,17:31:58,POINT (478697.21387654165 3617244.761346931),478697.2139,3617244.761
789,10002692,32.69271914,-117.2272581,-35.491,17:31:59,POINT (478697.1868338968 3617245.2657975643),478697.1868,3617245.266
790,10002693,32.69272367,-117.2272577,-35.513,17:32:00,POINT (478697.2254036656 3617245.767890694),478697.2254,3617245.768
791,10002694,32.69272837,-117.227257,-35.545,17:32:01,POINT (478697.2921353735 3617246.288769008),478697.2921,3617246.289
792,10002695,32.69273375,-117.227257,-35.592,17:32:02,POINT (478697.2934111906 3617246.8851691578),478697.2934,3617246.885
793,10002696,32.69273954,-117.2272593,-35.614,17:32:03,POINT (478697.07918506063 3617247.5274812034),478697.0792,3617247.527
794,10002697,32.69274542,-117.2272614,-35.594,17:32:04,POINT (478696.8837280552 3617248.1797300954),478696.8837,3617248.18
795,10002698,32.69275129,-117.227264,-35.622,17:32:05,POINT (478696.64139932604 3617248.830970729),478696.6414,3617248.831
796,10002699,32.69275676,-117.2272662,-35.613,17:32:06,POINT (478696.4364712682 3617249.437789119),478696.4365,3617249.438
797,10002700,32.69276183,-117.2272684,-35.608,17:32:07,POINT (478696.2314483761 3617250.000265494),478696.2314,3617250
798,10002701,32.69276621,-117.2272722,-35.589,17:32:08,POINT (478695.87627988384 3617250.4865728347),478695.8763,3617250.487
799,10002702,32.69277053,-117.227274,-35.587,17:32:09,POINT (478695.70857467264 3617250.9658277),478695.7086,3617250.966
800,10002703,32.69277544,-117.2272773,-35.587,17:32:10,POINT (478695.40040130063 3617251.510787937),478695.4004,3617251.511
801,10002704,32.69278104,-117.2272798,-35.58,17:32:11,POINT (478695.16738258826 3617252.13207769),478695.1674,3617252.132
802,10002705,32.69278645,-117.2272839,-35.588,17:32:12,POINT (478694.78433689114 3617252.732625949),478694.7843,3617252.733
803,10002706,32.69279084,-117.2272861,-35.635,17:32:13,POINT (478694.57915288326 3617253.219720931),478694.5792,3617253.22
804,10002707,32.69279532,-117.2272894,-35.679,17:32:14,POINT (478694.2708776616 3617253.7170135346),478694.2709,3617253.717
805,10002708,32.69280046,-117.2272902,-35.624,17:32:15,POINT (478694.1971057731 3617254.286968964),478694.1971,3617254.287
806,10002709,32.69280632,-117.2272877,-35.603,17:32:16,POINT (478694.4328423736 3617254.9360780343),478694.4328,3617254.936
807,10002710,32.69281155,-117.2272853,-35.596,17:32:17,POINT (478694.6590556569 3617255.515368489),478694.6591,3617255.515
808,10002711,32.69281558,-117.2272839,-35.618,17:32:18,POINT (478694.79124562256 3617255.961833492),478694.7912,3617255.962
809,10002712,32.69281994,-117.227283,-35.595,17:32:19,POINT (478694.87664449814 3617256.444980961),478694.8766,3617256.445
810,10002713,32.69282454,-117.2272822,-35.604,17:32:20,POINT (478694.9527264181 3617256.9547537034),478694.9527,3617256.955
811,10002714,32.69282987,-117.2272822,-35.607,17:32:21,POINT (478694.95399051846 3617257.5456111087),478694.954,3617257.546
812,10002715,32.69283498,-117.2272835,-35.628,17:32:22,POINT (478694.8333421718 3617258.1123411865),478694.8333,3617258.112
813,10002716,32.69283981,-117.2272837,-35.614,17:32:23,POINT (478694.815739962 3617258.64781119),478694.8157,3617258.648
814,10002717,32.69284431,-117.2272849,-35.613,17:32:24,POINT (478694.704320829 3617259.1468996285),478694.7043,3617259.147
815,10002718,32.69284813,-117.2272855,-35.605,17:32:25,POINT (478694.64898362657 3617259.5704862755),478694.649,3617259.57
816,10002719,32.69285159,-117.2272874,-35.62,17:32:26,POINT (478694.4717007975 3617259.9544258877),478694.4717,3617259.954
817,10002720,32.69285349,-117.2272893,-35.652,17:32:27,POINT (478694.2940479878 3617260.165431627),478694.294,3617260.165
818,10002721,32.69285479,-117.2272916,-35.643,17:32:28,POINT (478694.07875741995 3617260.3100045845),478694.0788,3617260.31
819,10002722,32.69285819,-117.2272941,-35.631,17:32:29,POINT (478693.8452172063 3617260.687413271),478693.8452,3617260.687
820,10002723,32.69286173,-117.2272964,-35.64,17:32:30,POINT (478693.63045794616 3617261.080301546),478693.6305,3617261.08
821,10002724,32.69286541,-117.2272987,-35.59,17:32:31,POINT (478693.41573190613 3617261.488709536),478693.4157,3617261.489
822,10002725,32.69287042,-117.2272977,-35.592,17:32:32,POINT (478693.5106588365 3617262.043892718),478693.5107,3617262.044
823,10002726,32.69287377,-117.2272937,-35.558,17:32:33,POINT (478693.8864079231 3617262.4144546897),478693.8864,3617262.414
824,10002727,32.69287822,-117.2272899,-35.63,17:32:34,POINT (478694.24367015075 3617262.9069973496),478694.2437,3617262.907
825,10002728,32.69288355,-117.227287,-35.572,17:32:35,POINT (478694.5167762956 3617263.497273011),478694.5168,3617263.497
826,10002729,32.69288814,-117.2272832,-35.584,17:32:36,POINT (478694.8740716566 3617264.0053354013),478694.8741,3617264.005
827,10002730,32.69289334,-117.2272801,-35.601,17:32:37,POINT (478695.1658946261 3617264.581159803),478695.1659,3617264.581
828,10002731,32.69289909,-117.2272805,-35.598,17:32:38,POINT (478695.12976288435 3617265.2186565767),478695.1298,3617265.219
829,10002732,32.69290315,-117.2272826,-35.624,17:32:39,POINT (478694.93387472094 3617265.669149333),478694.9339,3617265.669
830,10002733,32.69290747,-117.2272845,-35.63,17:32:40,POINT (478694.7567959575 3617266.1484242887),478694.7568,3617266.148
831,10002734,32.69291254,-117.2272871,-35.635,17:32:41,POINT (478694.5142780785 3617266.7109809546),478694.5143,3617266.711
832,10002735,32.69291694,-117.2272895,-35.651,17:32:42,POINT (478694.290349035 3617267.1992246243),478694.2903,3617267.199
833,10002736,32.69292149,-117.2272928,-35.634,17:32:43,POINT (478693.9820908665 3617267.7042771033),478693.9821,3617267.704
834,10002737,32.69292608,-117.2272943,-35.63,17:32:44,POINT (478693.8425716571 3617268.213402696),478693.8426,3617268.213
835,10002738,32.6929306,-117.2272962,-35.661,17:32:45,POINT (478693.66554042604 3617268.7148486814),478693.6655,3617268.715
836,10002739,32.69293547,-117.2272985,-35.606,17:32:46,POINT (478693.4510968043 3617269.2551741856),478693.4511,3617269.255
837,10002740,32.6929408,-117.2272986,-35.561,17:32:47,POINT (478693.4429871447 3617269.8460516636),478693.443,3617269.846
838,10002741,32.69294618,-117.2272962,-35.583,17:32:48,POINT (478693.66923573293 3617270.441970365),478693.6692,3617270.442
839,10002742,32.69295078,-117.2272948,-35.586,17:32:49,POINT (478693.8015607436 3617270.9516227418),478693.8016,3617270.952
840,10002743,32.6929559,-117.2272945,-35.642,17:32:50,POINT (478693.8308966741 3617271.519140418),478693.8309,3617271.519
841,10002744,32.69296159,-117.2272933,-35.587,17:32:51,POINT (478693.94473248057 3617272.1496649235),478693.9447,3617272.15
842,10002745,32.69296698,-117.2272915,-35.608,17:32:52,POINT (478694.1147402417 3617272.7468125527),478694.1147,3617272.747
843,10002746,32.69297255,-117.2272917,-35.629,17:32:53,POINT (478694.097313618 3617273.3643153072),478694.0973,3617273.364
844,10002747,32.69297819,-117.2272912,-35.61,17:32:54,POINT (478694.1455205628 3617273.98943749),478694.1455,3617273.989
845,10002748,32.69298319,-117.227292,-35.649,17:32:55,POINT (478694.07171563606 3617274.5438732295),478694.0717,3617274.544
846,10002749,32.69298785,-117.2272939,-35.629,17:32:56,POINT (478693.8947177188 3617275.060838925),478693.8947,3617275.061
847,10002750,32.69299293,-117.2272979,-35.66,17:32:57,POINT (478693.5209685752 3617275.6247850293),478693.521,3617275.625
848,10002751,32.69299726,-117.2273027,-35.576,17:32:58,POINT (478693.0720507795 3617276.105750354),478693.0721,3617276.106
849,10002752,32.6930018,-117.2273048,-35.634,17:32:59,POINT (478692.87627677625 3617276.6094535855),478692.8763,3617276.609
